address,point
sei1xus5czzkppwstls0felugzmyw8y5s7ddh0u207,8637.75
sei12ju5qku6dkfdstcy7hypkqena8vac66fa4aacc,5331.7
sei1fym50ulnlueszhnk6a053p0x2aqawg28wvrcvt,4222.9
sei1vrz5unhlzxgnc3yuuvefcev3v67hpm58g7azlk,3839
sei1k4snu282n3hgnfqspyka8777fv29lkl0wcxvs7,3741.05
sei1lqfr0z4jpe6nkcv4y6p0xf8wnpjvt7q0ptkd4p,2687.3
sei1eg9etsxl0aech6xp9h0fp5dwnk6d4gm07t2ca2,2101.85
sei1crw45e9hjlgg4klpvc6zy3rrr03z65rfuxxu8p,2049.05
sei1n9e39hx9tgtz6jh0y0qe5z3cwt8kdeag6d34y8,1919.5
sei1wl2wg0eelfzgh539ev6whw28ggyltay66am6r4,1919.5
sei178cgndae4cg6uwh7gd29rr5kexc3l6fxv3c4sk,1535.6
sei1jyrxdh27asrsp7svehfdm7um94xhmcvmqg4uc0,1461.5
sei1vrqryqz6ghc08ac80e3ef8s9dxzyurgc3fxlzx,1343.65
sei1mzvrdzekx3en2mr9dpqek6dlmlzzcf2vx2tysd,1337.15
sei1pdvjjk0c80kwj5fuexg26e8x6lnuxx207szul9,1322.4
sei18ngt5ew7fm0u7d8f3x2hmthh6jzpt4rrr4jkny,1151.7
sei1w8flz0hj8242p5e3n7qrehzc5wkgcdjcw4c6ce,1151.7
sei13upstqjychpasf8yl4e37dmxfy66vfm75x4tfm,1151.7
sei13s0vgz8jcwh8nhez7k43djyg3ql605x7855wld,1044.5
sei1ma23maqfy0pet04sgh0fhlkm0trpf5fzqt2fy9,1013.9
sei1rqplffp638l2asl5nprqzf8dx4ak2mnszyg9mp,959.75
sei1ycvqtphll94er0nmyjmlg760n330lwndjq5f5u,959.75
sei1c8ydwxp0r4eu9m46dchhkrhuxehefcfmee35xk,959.75
sei1lr5s08sykjug9v9r3v54as20tsdupzmszwtx5s,959.75
sei19jjvq9eqqjjmqyjdx4e7gp4mkeje4j4tydrsgd,959.75
sei1mk4dqjrxynsvqwgrd7w4mrzkpqh55j5ccnpea4,959.75
sei10w6ytk89zmtzsvr4tx4xgtzt3ff8m75940ke3h,959.75
sei1n25f9pet3fda6s2gwzuvchfh9c5w7hejtemjhc,959.75
sei1t3j82xfc6wvp6lpkedmm7xsu5cttpsz0wrtrkh,959.75
sei1pragjp9t99wlqaup23z0v4gm33yyswprve8lk7,959.75
sei1dlw57k8fzx748xk4gua3s8u8j0w5dgr3zuaw9j,959.75
sei1qmhgd794tre23ayvlpcjf5h4hw4ve78wm6jh87,959.75
sei156adscagk5plspv6tnkaegrf35cnkmvsaczsa6,959.75
sei1m45vk4k02zxgwdygpz2xhrd9frh76yutrh40fn,959.75
sei1p3h6c0277qdkvpr54x2e63m9ljpapetzux26sx,959.75
sei1ulaxryzmvz04q44uhug5a975pq0anlcym2ss3d,959.75
sei17saa5v0lgsmsafnxurjyg0wz94ltpjpvpqx2z4,959.75
sei1zp3m0mwyzwdghlnkxuc8txqjdv64r742em754v,953.25
sei1x953ndvc35clq93399q3wkelh4lj6chn7p60uv,950.65
sei1pnxuy5lsvh88g6hd8lwh4t9nzhxpq7nd0mhtka,945.45
sei13huv7vz3h89pf0r5qkmemvlvkmrjuspp5vyvck,937.65
sei17ht7q3u2fpeltwprjmh5xwvqupy53wqa8k9hql,936.35
sei19altuf67qes0924knycnhk7gd68vf69kc4uphl,919.45
sei1e5ypwlxdqdv69auldsq4ckdrrerfsx9lfuqppp,910.35
sei13sxwygejchwyt6gjxmvvqddls99zxuva5dayvc,894.75
sei14yps8227frsrpwpww9mwflr8njjt38944pdljj,886.95
sei13wva5zaphqu64ejqrcezxwnv06ytp99r42hhm3,884.35
sei19nr4d8h9srs3wqhep9uytna2k6wdszjcmcjjds,823.25
sei1wu02u6keees248qgzh234tclfrzj8jnvrwpdeh,770.86
sei1dkt74xgej0up2mqraaagy2dcnutau8wprgprfv,768.81
sei1rnlxnxsvhkz894w6w8w0q7spgyfvdz03pl45qn,767.8
sei18azwajvpxscez90mg7hxlx929ym8tsc8tzmrtk,767.8
sei1lx5c06gmj9adcy9k56hwzyaul8959pd84sva9q,767.8
sei1mff948qalpa4nzvpf43y7ulyrkgm6vfsqa40xy,767.8
sei1emmccckudwwhfpl53v7n55t7u6cvw0cuczc24v,575.85
sei1k7z7kjqq6ljayazvfpjpdqp3hluk357pjuszmj,575.85
sei1j80dpuj7y6dsjhfdm95gx7avtf4v2puu00kfqd,575.85
sei1mqtk6jhgmrh0683vhwd2vp82zazka0kumnqydt,575.85
sei1jh4avfgyrwsd38h3mf0ej0e7za74jc6augcl68,575.85
sei1s39luq44cys93ss58t65lc5eqe4xx7xeaewzln,575.85
sei1kng0tkrkvglks4jmgtpwqcn2zfv3yjq3ejdf75,575.85
sei1m0s9mkeckm9dse5xhvnqvht6lu3ph7pf205j3e,575.85
sei18eglu5q29p0fs23m7p4w6r46tndfc8aly2pkdt,575.85
sei1e6l3u4gdajd0cuganeth2kj35uq6pzdgufqseg,575.85
sei1p8gvdxxa2hx8vkth98pkw0r22gq694czdqn7u8,575.85
sei1lvyw6u6uex49tdwlvr4xczkzvdeuqhg2sdmksp,575.85
sei1yjuz67s3hu4sdpa03hgf79xa2gp6ylu2vryey6,575.85
sei1ffu92ex70npjtf3hqz6slr8ymlrv7t00kaq75r,575.85
sei1glrhe5nnk97rtcq2aak4q349f37hfv9hft65ww,575.85
sei1rsf30uwrc25s83plylw35ss9z73fpywhx59nn5,536.85
sei1yxrgsh2fq4vkx5qp9r9fd9w22tt7avl0f2j95a,522.1
sei1wvlmfrjj9kv7km5jwdnmexreutq2rrhy95tuqf,517.35
sei1mzgyuza2apku8j7e9040xfpdcs4lfm80ee45tl,513.45
sei1pm73m2y57rktvnms6fv2ldxfm2et6e5gke4zzk,485.33
sei1jfty5s4lju206csu3kth0kfeuls2ccr9px3shm,472.25
sei1dnfutpx5z63wa82k4l8850qqthsdfldu22wc2d,471.85
sei1wazpqkmkax2pzth85gsyxh70mqjumus34qcfry,415.5
sei1ku2sae22alryfj702tm28g49jn9jtztsenh7y7,413.75
sei16el45nxwgu8fwzn79snsw2qm0kzjkr8tm7h07z,406.85
sei1uqwg035weyfunlvpc5gqxt3gkwrnjqvkhxk8de,402.95
sei1um38kg0y8mm57nqk3g8zg2hw6rgdzv6ttjdzhc,389.66
sei1dpakpqrlw4sera9ag4fwwas0cyx54lswefwwvv,389.05
sei1yydpta8aux49kyx8weu68e8p2pttuhs38q7yxq,383.9
sei1gpewyv6qcuc2j6648ssftrq29gkfpdwq8u5faa,383.9
sei14zz6kvagasxenqd8204279qq5m66a2uxhltch6,383.9
sei10zkuypugtsf0fcfy7fmewqlcmfvgfaaqhwkanu,383.9
sei14983lxluaxfq8cg950tlvrpydmqllhyfupxx54,383.9
sei1gctwmy8u04zqqhye663lyuajs4w324vpdtu4p2,383.9
sei1z98f8fh5zcn444f8w95p7uz8c8w0c5jnpr944f,383.9
sei1qxhgu3x82rryhfx332vq8zaw3etdxgrh8dxql6,383.9
sei1km0shwzvqxdtc6emg0hd8qhn7zrnn4phhx5rla,383.9
sei16e029pexpa0zgn7f0a0f8c4qjyxy8sedydv8jr,383.9
sei13534tm363mxchmuzrlp55ashhttkrf3zf037hg,383.9
sei136ggu78vmdzw73tzf64kn9wm47jplumqr72xr6,383.9
sei1ka87m6w4vfx3666nqytefv4463ez4kcmhhg2lt,383.9
sei1q0eda2cyjh66q5dyukss3tzydm08mwc8k0hwpy,383.9
sei14dfk6wzvv0a8htpqsdq24f3utgw8hs9h2qzqml,383.9
sei1k9fw6v2x7nqdrzvlzgx9vc7ff6ru6qeqmv6t6d,383.9
sei1cwmgkwvre8erz3rtdf9qf3qd3pt0nk4k0yd5v9,383.9
sei1ljhl2sn9ccq8wh77jl420jamt67vy68vc3cats,383.9
sei1dn0jwjllnhwaxdy0yq7xz2a9gduesgv76jasqt,383.9
sei1fzsrkgkwk7xcrdd3ehrw6elgga7m7terzc6vvp,383.9
sei19vgr060f3cvy45g2lup2kda8taznfykjq4dkyf,383.9
sei18m742wkgr76ytwl7ayr59aq3a92pzetvvd5pj7,383.9
sei1cc5zggugny3kwyzf3rg8xreh727vj06h33f2ry,383.9
sei1zj44mywg86zc3c7h7sk3luv0zldzhad3jttjp0,383.9
sei12k8yf7297mttmz46gqxwawta8d3uhgl6v4teeu,383.9
sei1v09lgj3666xfgmxjr07ffwyjw4kd6xnkzvjyt2,383.9
sei1a89gxyqh4hvy9gcgcjua8nqe7k793urvka7zqs,383.9
sei1ax0a7qsczs5slh7mkh22nnq2wggne8j9vdl403,383.9
sei12ss3cxas6p9da69qc5dx4je6ev4dcjpng9e0yu,383.9
sei1fstesh7x52hh5gvvr9u876vua9cvvq9wjx2aa7,383.9
sei16edrxzw080l208q6jeyad6q9c557sf7mu3ndqa,383.9
sei1pxdf0xejx00mecdhu70pvzm74wramjqvysw5um,383.9
sei1p7d87s3pz9vxsvkze35d2f4hrwp9xul52mzghj,383.9
sei1s0d5775tqec2wna7sany7p5j9s0j46sjcxyj3h,383.9
sei1tspelhnjej9rrypd88t9aum3av2fvq4fue8hgj,383.9
sei1f3rdlh9gznfvs4rc6d39xpeqp3dhmgjjuscjnz,383.9
sei1eeglw5h30l25vh0dl6g00mn8yj22vsjw7wg2aj,383.9
sei1mqlpn9pt6ra7x3d7j6xdyyms3vm0rgmlncq7ds,383.9
sei1lhu8cffxzvxe9epk7x9umku7dungpy0225cvz2,383.9
sei1my9mtyhm6n7g8wactlpx3r9406ahvux0j7el5w,383.9
sei1nk0kl4mqzrgakxhf5e8945l0c92zxywf2k5s36,383.9
sei1vakxnqyykkmrs6683sp0nwcshkl2e48gwflz2d,383.9
sei1n4j0gda3e8cngdwekxksg0zwvvdchj6lw0zr85,383.9
sei1gmcrk6ldmfzhwxv8wesv3tr9ukl6tj2fqc9rgy,383.9
sei1x4j5z3tqecmf9nkdw4u8k4a23ldk6nfm56jq3s,383.9
sei1pwlhfg03lajmlv6lauf0prhus7swlte5l2nawk,383.9
sei1eqnjd68lgemjaqd3v3fll79g8lq3ggus9kyxhh,383.9
sei16uffs4a09jwvpkmctk7pud5t3neksfrlvqjp3g,383.9
sei1y2d8ywclcjc7t7c9vuq2qy3ka8j580v78fvhcq,383.9
sei1zmkfk3d6femnpn0vqwmyffdnjd2avjm4u6w995,383.9
sei1wdq7prjpeymv8qu5x8ve4lwtl4f8q8phheqylh,383.9
sei1dyfkw57ms9vymxyjn9kusc4jmeraa7f6w4mhss,383.9
sei1pfx0tyusxa5qcqlvte95d2ju588eguwyc0hjms,383.9
sei1kelv85c2ln900g7yq64lqlk475mevx7jctl5f9,383.9
sei18zhjy7tl65s8m3uffq9jfzc6fgvhu2nkvm0xdr,383.9
sei1305pfwp37qxvyl20myfe5kpju2uhp9d5dw4ss2,383.9
sei1jksvamfrrfq7x0zwm4ygsjfnsmx54q0xmr5ev8,383.9
sei1qpgwu7v8d6647lruv6v2yj689mfur4tfku2t9p,381.3
sei1lf4a6vekyj62992642vg00pm7d0mrte2f0lj3j,378.7
sei1xn6prd7j68pnalyvhsguhcag89p4w7f7jc4g0j,376.1
sei1q6rsvh82h0m4t2zx06ey3d543y35s7g9wl4wkt,373.5
sei1fam3anmrm5trvqu7v5p4z6nk2wetz7gcxxa49s,369.6
sei15933gygd83m9qp09qe4qw4k2zvc484zua9le06,367
sei1slnypf9heu986s9dsa85tdqe637c3u3jt30zrk,365.7
sei1t4y2fxe389gxzza9nfj4hgsptpeuym2m7v9t7y,364.4
sei14uwyymvdj5qxkg6s0mf7ud8ad4saulyg02q0yn,363.1
sei1w83yeeqk9l3q7yf0yjft2rj02glj3mu7f6sere,359.2
sei1tke3d9ztph7haz88ue57lh28q74nhre4mwzfe2,355.3
sei10zjk7srlm5hsfephtdd3ksnruj069cd4w92v2t,352.7
sei1a37m0e0sf6ayw2xk4y645nkxllary6nwp9wcnu,351.4
sei189xwm3c3s5qecy8ry39m2wg2d2mz3r59nfxs37,350.1
sei1wkz3e3arrcep27epnchkhrz55yy4t4w0gu6x9x,344.9
sei1xdqkw7fr3xee3dda7pw58q80pdnsjs7mphfmes,334.05
sei1ra9pmjsk8xcjex2fnzz623nynuv2m6l92dftx5,334.05
sei1a3mx8mndp0gnvl8mq9xmf2vjsz8pl0676j4l49,326.7
sei1wz24ayvlr0k7f6slrugkepluc4jhrw986lrzgw,322.8
sei1t7fjant8npz5lv3sy5yjwr25cpgl2x7x3ft5sh,321.5
sei1rgkdfmnpy2wdmxn4wymhagq2erkgjha3frv9sp,318.45
sei1tg32kcu23cstxevejwp030l2ryh5wa98njw7m7,311.1
sei1stgyqefkr8vm7adukgd9k0qqwrxwex7edf8mah,308.5
sei1yrg9amqcj4lv8q307q3cnvs2ncmmffspysqarj,304.6
sei19vmvzdystfsj64v5h0qkwxprxtrvp2ghxsd0dg,285.1
sei1e6szhe5nrq6u774dn4jv7zvrgg5mhn9kfrssht,281.2
sei1jnal3c2z4su7tz3zy59uc0wsmjmzftkrrpl6t6,279.9
sei1nff665lmhrcs3g4rgmc08q2zrdc9264xgfj8mm,278.6
sei1p8q3vp8hklus9vpf68ahhzpdwntgy8dhgut80z,261.7
sei1cvdjsxmxnp2fwcf8hxydhv60j9tkpy65208j3m,259.1
sei10cnfzzs5k3s43gpqrr2gmq5exway26ukqhm5kq,240.9
sei1tfq8al8ncsvyt4ecvhtavh5en8wr0xuvxc2qq2,239.6
sei1e7zwv9sulmjrx8gj6pccj7clx3gvyrmq83surn,235.7
sei1zejhu9ayvtxqr9s4xqmytt8cxksnnw228v42xz,230.5
sei1e6nkt58plcyrwhya9pwxkm7x32dgpmn7h6v27l,224.01
sei1vk5lqyfzer594tt2h338l8u25xtsdj6sq74955,220.2
sei12q89e3maeuyyc4ktv52w0v37tcdwgm5qpmtjfm,217.71
sei12ssnkjj3lz2qjn5lrskzdn5lzurh5drzcyeeyw,215.26
sei1ut09k4syll0twpzw7507wp8268fwv7sxq6n6lv,210.48
sei1spmxrc8kwd5m3500nzycvxj80qaqzxtxax248s,202.39
sei1lfazs8r93jgt6dskhptzaxefylt4k5xcxxnx8p,201.4
sei1y2l5mgdct6txz0yg2dar32zfzha2jwtvlxdv4j,194.56
sei1k65axtllcsk4dhyt4ctplynvelfnj07w6jkxem,191.95
sei1sqrw7gj9pg4dqyajnrsdlns56crryuhj6asper,191.95
sei1tn8a9f39mtl4g32e03eat9qqvlxln37tvwzgdf,191.95
sei1melv6v7tdwyuj4xfjcjquggycwlwgp0l9em9zc,191.95
sei1pq97tjfpytgpcyl022u58mpej2c4j9t2krw3zj,191.95
sei1chj3d5d7kfm4auu60wy8fzg7g7suzg0496xcq4,191.95
sei15scg20ejj3ckh66hq4ugkrt87jkwzl5mptg36t,191.95
sei19d8xu0zpm03wtw6vhvhesfugzxwnxhcfy306uh,191.95
sei1mqved7f50t4fy8xhe99dyqajw4dv4hm5hpk5ha,191.95
sei1zry9zukz060qqat7xyx7gj84yk47e7dcjc7lyq,191.95
sei1rmh76t3khx2cal5egaawkgc9gkhu0hqqv0h4nz,191.95
sei1h3f669z7h7vd76pjxd0ew9246ycccv4ulstayh,191.95
sei1q992fvgjsk2m0hcf5fmrucqaqdeuxuf20v2702,191.95
sei1pjmnrukn92kqela2lwelp0e3ddzcwum3ef05wy,191.95
sei1vec24cnz6h83vzscm0w6kmz9s0vj3cf0ml9lrg,191.95
sei1eu0rwue6p32js683y067276rs4wet9hgrulpw8,191.95
sei1g60et4xxyr7r23yantuqrerajqgm5cje9lf6qv,191.95
sei128c3w4tqpghysxq8cwpunhyx9z9ek4umf82dtj,191.95
sei1d3zxahe7ngapktj8sejwhr7wjfdrwuu3wynhrq,191.95
sei1rcyj7sa68c33tmqj36u04y55atamyj540cs29e,191.95
sei1t2jja54m8rjh9ghnselejdeuaadp69pqh7kke8,191.95
sei1n783prac28exry22e7cm98u37naagquxc0srvr,191.95
sei1z3ncjfj0w79acntknvsnufklej20r0j4a5q45g,191.95
sei15uga3stccxhm7dfnwtvfjpy5qmryqvvqwmyrcc,191.95
sei13uf3p3f50fm7enzu2f5x2ed20qm6zvkq2lk4cj,191.95
sei1wslj5tn9tljta2mty2sfp63gv2kf8zj90yyauf,191.95
sei165gydldlemqcnzcmd8x9pn92qjkz2qsds0eptf,191.95
sei1j6975h8nsg37lrua5t27f93g30t9kq8zj5xll3,191.95
sei1pdhnfvzwt42e05qknk4qx5h0c6fs8lelx87eyf,191.95
sei17u228x3umslwxv0s4shhs7w2uhnfrmjydpg400,191.95
sei1hxxh3q4xsss4wjgeqyyxqf5qeu9qlmzpe9dss9,191.95
sei1zw3xlh7v5fj6nr6mnsjuu2z3hv6wjqsktlslx9,191.95
sei1m7x7xvym7aghff0z6jymhdw38l4x76nvv9jlgj,191.95
sei1wmr78vy0lvryr24l5rh9vcx6yftmzpkmaj4fqz,191.95
sei1gvax8gyd03dzj6wkwhzhjq0dtvcqaakfuv9q84,191.95
sei1ruuh8t8fy0hs98pnas7ercpmxmn7ecygmnn7ep,191.95
sei1csdcr0tymw7map03pf2zmha02jrj2s90at2mct,191.95
sei1urd5nxdw766e8ftycq42jy66mmfm2zsy3e4eyx,191.95
sei127e52qjl9egpjvxvv0hk0wdx2d70jvmuk5d48l,191.95
sei1j2leam3p7xxzezwsa440kzwn80kylj6m8u87c2,191.95
sei135mnfhckpaupxrydrmx6znn3jpkre6stex2x4h,191.95
sei1eyln294ey2z7qz3mqpy5a7hwev2z5wvx57e72f,191.95
sei1l4kd38e3ghqmt7nsjdmcewtmvv8mnrkddy4vf8,191.95
sei1sylkxv7yu8zmx29mv4txv5ppae3rwqzkfzkny6,191.95
sei1n98uqys060rnxkxau20tzcduvreqqegursgj8h,191.95
sei1ru0yetq4aqyqn7wpyu2tv43dn4e56s6ul0lceg,191.95
sei13wetfjhmdl3cs20vgwvvuhq2hre9s3zxzfjwg6,191.95
sei1z5msntunrzx2kn0p04q0pe3cqm4s4jg3nd6gnt,191.95
sei1gugy6w06k0hztntdr8jpqccd5evvygs98xwn89,191.95
sei1a5uclxgkl5ukg5r2dw3zhyasfkafgfmwuve3z4,191.95
sei19rl9eesl7xdyvmla0fqx4zwy5tp6cf7d9fj4jn,191.95
sei1s6h3t98zyzw707ggly987c7h0g8n3zjlmlde8j,191.95
sei1cmkdndqgdtf2hzlvx08ml09p0dqf6e4al22c3u,191.95
sei1tdljth9jwdfyq7llk57l04cskcffgf5yrfpl07,191.95
sei1vse5wrkt73r428xhqyqmk40awcu8a70czfwk53,191.95
sei1f940xa9j05z9t598nptzk6kgcjjsssjnmxaw92,191.95
sei1gg2pwrpa8leqalvtrk4zcfyf3s98tauz0cc9h4,191.95
sei1fljq5cqchqw0vuyj2l3maj6qeh6k8hz0x7264f,191.95
sei1kr890v3ld4nl5sqjejvzmem6vuc9rv25dav8m5,191.95
sei1ct97htzvzv8tfdan5x4w9p2fxr4ug4s88uz3ap,191.95
sei1cf4m42pvguyy3ca090nlxuu4ly9nkmglaslhnu,191.95
sei1zh94pte5xg7n3l56gaylg7rus2qqkq8k9s4lr2,191.95
sei1ry5gm5k8zhzyhad8q65dyc8ys6klam6gh3zesx,191.95
sei152vqshdg7vude7zjv8aj6480yssz3znhgpluc9,191.95
sei18yz4zaq4f29lvpa7zqcudsgp0yrzkefw4v2gdm,191.95
sei1udfue2msrfay5acesjtwfazdl36vuczu050e5r,191.95
sei1sg887y8v957x2hz8p29ksqtpefxxvrh8smzt0u,191.95
sei1p5t9d8fmnssvf400xvrreh5zlm0kj0cgftt2gy,191.95
sei1clwe69sq8ckvcx4fwdu902k9ccrry9axzd7yuv,191.95
sei1h3ayljsve9vxsdwkke65z4wqy39mnkdh0aqr5k,191.95
sei1nyh660lgvry3us6ywx4czegdlhjdtcfnn7u6zw,191.95
sei19akhk0ckvmcvu7s2flu3vgckpxu09s6n566ku7,191.95
sei1xn7xcnufjgwq0k8l43zydwpqzddqz3scup7vfx,191.95
sei1756h9zuu67r4kln9a772nl23rv7jfk5p4uh7xd,191.95
sei1lsx08cfukmvq8z3dpq5wc8e69pyd6dng8nch69,191.95
sei1vxhnl4a5wpjw5rs6z6pjtwm96x229j2t6w74q8,191.95
sei1dup3n60acz5w2sge8js07tnkgea3vt45urfnfj,191.95
sei1cmjn8mlxgqxg2jdf66jtyq3p29a2em5ftupgpg,191.95
sei1jkpw6q9k32fnreerv66lms4zezswxv7g7ks6j4,191.95
sei124st7vtnn5rw9d5zfpgmaztj4a0kxqm5x6m0e0,191.95
sei14wa88qsl78emc4yyxtl394xea4e0lwc25q9j78,191.95
sei1ce2jmtq2sx0z8uv39j6m3l63nv8arzynjaphwk,191.95
sei1ynva7gl6ncjyhldah79lsn032esz2wvvmwapwp,191.95
sei12lqqmg9t8665htlp5wvsw00dj0p92898zk9692,191.95
sei17rw8c9unxuvgwfmq3xlxkmu3utgvj025c2kzr9,191.95
sei1uyelljl8qpr79qrmk7c9s37tu93wt2spvr65jq,191.95
sei1utywwu7pgs0723zh6sw694shy2klvr673n4z6v,191.95
sei1jq0jq79yz692s37km3tgvwl65swwgk9j2fdg64,191.95
sei14dqju2j54hxwfel5kqtuw7elgtasyytzrtw0p2,191.95
sei1gxp49yjk6z0t82e2cdx6qqw7upjpml6t9y9mta,191.95
sei1x8z5mnnyec4lpaq23m9d4ctmjqz85y0upmm8ag,191.95
sei1v7rut2ys34nj47q8ekrlm028xdjlewkqtmawhh,191.95
sei1mw7gdkavktmqk99g2w8vqc076dx4n3j84due76,191.95
sei1k02x3arnt886pr7g52hxex6u3gv56r5akwkths,191.95
sei1ed50jtyk7sdt5z6p6ypj05r8unv4f8ycc7kqht,191.95
sei1vysan89cdfaa7zravys48clre78c0dhyfqs74a,191.95
sei1zja9l804fp4230gt329wndzjzuzl0kspqmvzm3,191.95
sei16m8lnwtjczxnksz4desf7lntsnx6f7c7kwg9kg,191.95
sei1g80mar9tgx3ttthuem68mvgtsqx32eq0kdgkv9,191.95
sei1l3hzrl6cnrs85qur66r3rx0umdj0mrh29e83y4,191.95
sei14yr7ldz7s6hw5c93n4a7vs0sy5cmh2upmdnczx,191.95
sei1dqz0nshdty5neplffvaq3py30vfstrcw7y0e8m,191.95
sei1pk502zmlu5jre3n7q769nfv79pky9862ws0swv,191.95
sei1ejytyw76pe2gf4vurgjd8d26lhr0drey4m4r7k,191.95
sei189e4rdgswryphywgk47j9hrzw5hgfcgq4hx5j6,191.95
sei1xhqy6efev0jzqmduqc450cjgdq33ma7vr9qm6s,191.95
sei1xc03w04rue4e7mucaheq3fmsgrlvhtn4lmdwl3,191.95
sei1hhpdavur79cw9p74tfqu4gppu75at5d2wm9tq9,191.95
sei1xex5c4prc395c8ljj0t2nj38azutjx2q9yj975,191.95
sei1n5jfglapk7xpqyy7cvfhg25qzq7rctrfny7dzr,191.95
sei1kn6x25gmzhsudn6pqxreyzhzsclkuqs6jprnna,191.95
sei1r2x3s79ak3usmkrh748jtpz7ppx4vgepw3vkkf,191.95
sei1u7ugtqrld68zkmzpwa05mayqutna3dkhy9mlp8,191.95
sei1nmx0v3ul2f6aevm9wvwt3r3wul92zwv37gy5kt,191.95
sei1sm4cdxlm863xkl9myy7gh5xpkqgx0w5y74ewvc,191.95
sei1dzs9envt96tadezwf93a0k7q7yg99frfclztzr,191.95
sei1nzqmlecrsvf4tt04l7w95qjnaqtzfj9mg7se8k,191.95
sei1dntwraz9dnll58sw0mx0paddcg89qkc2hdmnfs,191.95
sei1cw6dwcku054jw3jk7dxq46lkdmemasuqe74af2,191.95
sei13dzu0x9lxzeaknhuye8rj3aezzy6pduuk0w6qh,191.95
sei1xeqk0fm64s5luakpg6kvq7vtr4mhe6mny439gc,191.95
sei1vlx92kukrlq0qwgqs9xyqyk9hh2aej6prgt0fl,191.95
sei10lmkr90g7p68lk2vrjjp788nlamleuv5uuzk2p,191.95
sei1p3pd6kl0022kkp9fptzcwpv2fl57g9z7z56t67,191.95
sei13ljf6tkh8vfjf9dyvlc49ckt3dd74d4nt3ylsz,191.95
sei1u783ejt68nlt09gq9vxjsv5w0ktreacz9xgffr,191.95
sei1fzfx0alhs5vgf8wg0mzxnu3gg42ttwdpknlx3v,191.95
sei1v05k3vqm7m5u5mu3uguuqx6n45p2qfddgep8yn,191.95
sei1asj2z6vdyzzl6zl7zerk6v4fam2t56spwrv5u0,191.95
sei13r5j4hsspwffav5026re4x3fexd6ufkfsd2337,191.95
sei1m5d9hmlclx4zcnantg3xm96hecyhjt4awhu33k,191.95
sei1sj0xwvegv7q98r77etna98uqgcgejsp3ycd0x0,191.95
sei1ps7e6k9ea85uj2mydrs5qwpa4r4c6dsvlfh2uu,191.95
sei1tay20v5mr9kua4e6rxta4sd8r6ja0app7nm7f0,191.95
sei1rk2julk7hx77uglmc6xjj96qvhxkujx932chm6,191.95
sei1rz0hd95ntjjnyz5p33p2x0j8ansm4fhw89q483,191.95
sei1xstau7anlhfcmcncn6ey4z0wg5y4ultjgeav6v,191.95
sei1e4yvuactk82e52xqms5c082l9qed65lxdj63h7,191.95
sei1ms4fpu96uulwseg0d4lrhr8pl0u6hraxsarjr6,191.95
sei1mgf02v4t6va0de5uhm78nanx8rcsphlmp7ganw,191.95
sei175qc7zz77jj2gt4d6uxfsghfl2rx83cwe37dr0,191.95
sei1z33ytmmx9jq0nzn52vtn4zsge70t8txvxulw5a,191.95
sei18mpdpnvet2se2zrgw69z620zkupskd0kyj5clc,191.95
sei1u9n4f7khvxfwduvvlywnlnct3fa0thaslc9gxd,191.95
sei1yy4rmc5x9j4f7tguqzteyuaj0dpsgx9853zw4z,191.95
sei16ulm9cxugex5mupl5k440mcfkehagle63hgeck,191.95
sei1zuvjjfgn6mu9l9n8m0ny2gp7j5yuv5tqjc2qlr,191.95
sei1rnmalymsf2nph9yl7n5lnkghf446jr379ltphq,191.95
sei1el9xupjqwnclpt4a7judnxgalgwdk94g7z4w04,191.95
sei1gs0std8adc7lelenfc2yj8zz7r54t8cpthu3ka,191.95
sei1q0pzetapy5087e5gamjpglq9xkqr6t9xzn2kpk,191.95
sei192jgk0qphk35klapvrmy2en5pjj22z9ham8p4f,191.95
sei19wd559mgz8kq2l6py6agapw2jq6ac03d74ffhj,191.95
sei14jsx8m5gvrknmt9g09m8lllv6ffm2ysfadmrze,191.95
sei1hjl5hyw7en9l0s2wghn9zllsvfu33awkrqaqax,191.95
sei1nvxqxq5z7wjxvgmdrdkfketqcwp2jnkfghmne7,191.95
sei19ks67cw26yfg2rthd5heeelfl3v33q4wgqvuga,191.95
sei13sf62czmyvjcuccdlqgmxtwqxpylcn0p5ywd6u,191.95
sei1p7n0uyvxfl8y7dr5duue590strg0t0kr2r2mrw,191.95
sei1yazke8asw0phy2m4krmrge63czhrrq9glvyms8,191.95
sei1c2cn3eedm3yhh0e2re0rz3ndr48zffsjdq22q8,191.95
sei1znmttax402rh5lumm247n8960cm6zzay33ntes,191.95
sei1lzgg3ek3v7ewdujx4ekvx2fae2k94wkm03cz4n,191.95
sei1ykkqru0u94ummfff9f7m3nrtrf7spghl23u8yu,191.95
sei13x9a32mywwjvtmvtp8ethvakjsep93n78gskuk,191.95
sei1slsk4sajhsq050ga9p3th2f9nqjp2mrc2fr73w,191.95
sei16ue8jfvdfa4524q8zxvmnmxhjlyxu0w5c0tgeq,191.95
sei1z4h2v35gjh5t08y7r9cl4qyr00axhe876m80n0,191.95
sei1xk8987tch37htgkeyycwmy24rcqs8awyzt7wds,191.95
sei1e3h9qq7pqscndnza6nsvtz9t0hu50n6yh46vwa,191.95
sei1j8m44jat9ygzgzcf6txuzjajgjxuy8g305t9l9,191.95
sei1fxmp29yq8pg97pmym6s2p8z2zc889c67c48v5c,191.95
sei1ry3nffrmvzfq82ccr4ttgrtvnuhj4e290uf663,191.95
sei1wjadfavmyweeyutv2rud708mv59z0px72ec9ld,191.95
sei1y95cvxn6g5ag9taqv27xvpeq9yfwt9kkhl7xr7,191.95
sei1c024llvgcppyrdxn6k9005mktr6amdzhprsjf8,191.95
sei1nn8sxc2tgw2ml2z5wvq29qsrf8u8h4zsalye2r,191.95
sei1cxlafdx988vvjqhk0w5tj3xqfafj5j386wuc0k,191.95
sei13794dmfwj7lw9uzmvuuhdwsy5eq0jzmnqq0683,191.95
sei10282p307x9nuvm5kz74pt2a200pk4vfxc7y9ek,191.95
sei1p7rtxfk2cgdpzpjvp46fwkwn9fswqfs7uh7r3z,191.95
sei19ketvzywzpddx0cgmg8pcpt6y59d5cxu0qyhus,191.95
sei157auwrz4j69cmz034ahynulne7ezy343epauhj,191.95
sei1pl96rwwtwvq6w8jg259h9tsp75cayg6skvlr8l,191.95
sei1sl4akk9nmz353m2lch3fgu60ly6gynv5hvcss0,191.95
sei1vlskp86hh904tfw6v0fp7chpeu8hnr0wslvdmp,191.95
sei1xppjquscusahuydxz5e0l0nj9v7q80h9tuear0,191.95
sei1shacujskpeswzl92pxm6ayrlna0wyh8cvq5p5c,191.95
sei1ahc6zhnzruktyunxt2fxdpmals4k92j2rd2elw,191.95
sei1hj4cu0sd4qkpvvesme0cnwmq97h3ffzt5cezce,191.95
sei1yacjw7tk6u9fpppa9kwna6xccfwfueeml39k7n,191.95
sei16vkmd8ct2h7njztzh5zsxkkpc7mwayyjrvz68x,191.95
sei1jj50sdls66nlujmg4yyg3lfy3shltk8w787p6g,191.95
sei15a26vv65ej2wze0mmeqwt2phvmwk7sf33nupfq,191.95
sei1uvacr8yegtf7t85fa3pxsp7ctgygnjpsrzh3kx,191.95
sei1a065pdnyels2x9va6le7enlar97j7pq0sren97,191.95
sei1cnzcqss00dv09kpwqmuxkqssevr7u77jh8sstt,191.95
sei13htzsfa272tch8yjfzv0md4zkntrdf9wydn90j,191.95
sei1wcjtgkwen85d2prqzwm98nfdgsuq4sr89llent,191.95
sei1qzst3p02wy8d33ty5yaly24u4t4knn0kl7k74g,191.95
sei1lns426xcy4jkv7zfgnx04z52ygfv22qlp3t43e,191.95
sei1dza9z7cy344xwkw507w5epm5r956zr2yvd8mru,191.95
sei1c479lax6xzepap6muklf9dd2lsd37m8rkl3h3y,191.95
sei1jq876apzverj4gwna07t6l052l0z3gngh5dt6y,191.95
sei1jw9vpp3wqd26k3lh6rkpdtgz2ls6sgs055tuj0,191.95
sei128d3pc9uewqdfhvnhupzfmavd30axc6cumkuz4,191.95
sei17af5e7hj2yyd3v3jddcl6glrf09vusvmqvcyys,191.95
sei1j4arpyfdt2q0ylgze9teec3744wcztv25l4gzv,191.95
sei1v5v38f0ysqh0k9zapgkzvmde8lpcm69s9t4c7n,191.95
sei128frkctm2x9rjwlk3zkuc0l9ezaywxxpu3er7a,191.95
sei1rxjpwaamwcrkczc4eavyy7y0smssz53scy3a6n,191.95
sei1mku4keyfp047gem3ut3tyzmdtzfvd2k2yy72a4,191.95
sei1s87ywxlktuse3v3qmeh9a7454eu986vvc5md2z,191.95
sei1ef7my4hzy380ppzf0xmj98j8qfptjedry9v99x,191.95
sei1vyxl6tf977arq0exnmw5dyxuer99zrk3rk9ztk,191.95
sei1tqhprsen9xwxjlwkqh86r6xfn5r5l5zznnmse4,191.95
sei1xyac5r9y6p6n3qt6cp98pv9tv52g5g4ndx4rzq,191.95
sei139nkyjmpzx356eaydcl580fdvz8xl7d9zpmm2v,191.95
sei1n3rlpvng4dgz55vukwgmey5c9mnhety7cuxsnp,191.95
sei1vn3238s5nwd0newejthlg2n5xnvks5k6teuknr,191.95
sei1vkm8urdsq7uwx99hsrg8uxq730gyqf6zjwfkwg,191.95
sei135m9w9e52mlp5qp3n2lk56sndt4xztykrq0y5l,191.95
sei1aeje7ynp8hwqluuzhw9a8mqcry5pjtxx3njd5n,191.95
sei18nknnq706209cklq332yqy6q64z6fx3uhjqh85,191.95
sei1lq3s5ehlmwzwsl4tsmh5lfm2rhx2685meaensx,191.95
sei122scgr25vaqjc4knay3z0mdcxslkd2cy8df08j,191.95
sei1aqfd2w7w3nwk4259qffgytu7setp0x378dhgyy,191.95
sei1femf4akkjn0yujvxauauhmcg78mekm6vsf03mc,191.95
sei1x3p03l0d4dw5jtsj2s97za76gcxxdmt3rs59cp,191.95
sei146n0gu4xgf5e4kus9773nx8n47etjhg44zj2zv,191.95
sei19w3eqe2xnx4a4wh4flk62a62aqvd8t2ldg7w8n,191.95
sei19pw93sj7t8jz3tmftay424xm388k0aqq76rnwt,191.95
sei1dga967qn5gy32vlc93jjqpele3fmnnk9gwk9uv,191.95
sei1twjf6x62vr7fw3yxxuauy3e0jkkv83hlearchm,191.95
sei1lfag6vpy3t6yzsv2uxfgugancr28jffvrp9tp4,191.95
sei1w9438aq06ehfnnye3dzw0m7t7jr4xtvxe5xlnl,191.95
sei1xnvk6yqgc84c2pccemcrvh7gxy2zfxewfey0wk,191.95
sei1msmcgy5syhkst67wwez94hmayg9889tx4x0czx,191.95
sei10jpn3nvemnjvkw2xx9tq5tx8f70vehh9jjm9jp,191.95
sei1laeyma3upky29aa98rp54hpft7pf4js0cpwj0d,191.95
sei1m442ulmpfdfft94mgffv0cvzpwml07jmps0475,191.95
sei1excmtxkrz29ljfq353qcd6q8cx2a768v8t0znf,191.95
sei1mhj6f3l4j40ypsx7gmx0heeafrskdv2mawyw2p,191.95
sei1xa5uwnh789slrp65aqk2yt8839kczkwuy76qdn,191.95
sei17gjnagz4ec29wpzukzz4n9jtaxcuscr8uknftn,191.95
sei1g0rrwx3wqnf6qav7y5f6qqt0furn8sv35stdum,191.95
sei1gd76mj556jx5fuv582mcjns8eyk7fravsm82nd,191.95
sei1vn8yapc2ztkdlvcxxptj370qk804alnvwe8qm2,191.95
sei167hk0a6270axv89mpf4yhxyfey7zywxt0jn8qt,191.95
sei15vqu76054cfl58j637lz04jl0l4nyxeqdtk7qc,191.95
sei1nwt0k98ktv4mx5makga0hvj7ej4uxtxdrf4cty,191.95
sei1l8dvgxla4xk2t589zjg4gtdvpmhxe5rn4jnxng,191.95
sei1jmr8868lq78j94q2n2gdxrycvpe0drcnwykj4q,191.95
sei170knz8we2nnxww5emeu3q6t4eeuaxluckvkekk,191.95
sei1lqd4y974xs02n9dhjmj5zdd2rlxcdcq4hw5k8j,191.95
sei173k95nn5ra5z6wxgz6k6zmngwmfcpysakjza74,191.95
sei1gstqs4kwaekhww2c53fp3v89cgsdx7zp77fcsp,191.95
sei10lk0r4l0z7566rafe4gehlv6ll5s5nxk777thc,191.95
sei1xwad39plee8zdyzqk3utdalnl57jtrr262fne6,191.95
sei1kmz4f3svzfrev7m4yux5n4qgy0ycykyrhcenhu,191.95
sei19crhjtgkeg5am7566mh0nw0rlfp62tlkz0n4lg,191.95
sei1h4pc6xgw2x03h43g042zxv84224wa6v67sgg8x,191.95
sei15gvwxd4uvfp587myhddjxp44nnlrtm044sqt23,191.95
sei1ahxem8eyfa4y70lvepa9d65jlt90na8atwnrnv,191.95
sei16s4gv9w93800a9g2q925us7f4efhxf2lh8u77f,191.95
sei1wvc39qsv3xpujfpev5jz0s7532lf4xdp6uygxz,191.95
sei1pcax29ytwlkkrmx79tj4fg3mz7rmvq7dkqlzps,191.95
sei1502n5alry82f4pptltnts6p6hedkkgkd5ugm84,191.95
sei1zexxnd5ezz4mywxedlz3xw6qd4n4p3tpzyzqsh,191.95
sei1d2d86frrslg58g4rqejcc3zyu54ld0l4sf5qa8,191.95
sei1x8wu7t9vsq7s8he2umgmmcu6wymxeu62mmw3t5,191.95
sei18kvjxrrp935gss49xpuqkn285m64zs9v3dzcrz,191.95
sei12570tq93ms2lf95uqx7vxgg0rsfk0xye3e44wq,191.95
sei1kqrt77s4dfyl0tkkkk3skl8vngp5m0yj4nyqz9,191.95
sei1z2j34f6kdl36u2023wlx7q7f49msevchkqyxhg,191.95
sei147msg3ajerncxqz6v7d73n786fzc89eeydwjpj,191.95
sei133fk58kspajp3a7r936400uyrvu4p0sfhtnmwu,191.95
sei15pyzc5ddmys7yfyxpcc932t6pnc8dvacttm3a3,191.95
sei1sgqjm45f4csgk075ps92p037c4g4aes5uft8hh,191.95
sei1hf05gnvyvnkst9856ju0z7tnttfe55ftrcntp0,191.95
sei1gwu4le7z3rqz6w0pe8szr2nfkuv03nq7sphlcp,191.95
sei17wfgzvvzahjm4tcv24v8sdmgvdr057m44ssc39,191.95
sei15hecw4d7peqk2t9s55w0kjw06vhaymv9eefe7e,191.95
sei18e2k9dkdf4h7qx5xxzszeffst4azydu868xmtl,191.95
sei1pa2q2v7thlvm23m77jhvzdtmvqhfydxrxsezng,191.95
sei1wzn8f9ewjadlnva29vnwjtkqxnwvseczhvkxkc,191.95
sei16lnp5sw48yc7yywampd8qfpp4k2ql64zftw09m,191.95
sei1d2ajf47weydzadmejgeuf0u0fqxnlg9t5nxxna,191.95
sei19wd85xjhjyxy3rqr3f8pwx8350tguyda79czvm,191.95
sei1e0xd4ram2ywp6zl28gmptnjqcnmwnr4j3klp8e,191.95
sei1uczdx780h943v52sq9atdje579mscskr90rgra,191.95
sei1scjv9vteastq0qay7ckuxs5rvz49886knzwrkw,191.95
sei1cz7gaaealfyncz2r0hcng3kf0u4avnv9yrsh0l,191.95
sei1sfvhrucevjuygeagz28zdmcusuyd8umdl7z00a,191.95
sei1lrj9pq5dhr4tf4auz8et8evxflvfgecy7nxwe4,191.95
sei1wcd0w0e3xw9ev2yu58ka9xs36c9zgkhvj5m5fe,191.95
sei1skyk5y0vqlx9s3zd8v906z7lkxmmfghc4q76yf,191.95
sei1f2746k6kflmxps0gpm0apnt97tuuvm83y783vn,191.95
sei10j98cvuaj3dfy6hn8l0vmwp7n33w92gztrgrqk,191.95
sei1cml86pcdhauwlsz0s5p37dm5tae3us3kfrmzgn,191.95
sei1lwgmztftrvjgf2d0d279tjc9hc644fdv4y60hd,191.95
sei1m8cypzhh6v5a8cvqh0se5ru9k4ljdsm9n6ufua,191.95
sei145j76clg9lpt09vsdunn05hc7g9v6yn995qs8s,191.95
sei12jnecvheqta90td0ldj2mnc7pk3amc0ayl20xv,191.95
sei1xymnmhrualv05d2zrdtfdfp4kjn3eg3mgd6cn4,191.95
sei17mj9phhymp5yy9heu7j5l4lesta5p9zq40zg5m,191.95
sei1c3sntal5xuuhnf00zrpqp099v4lklvzdu67c7q,191.95
sei1ler3plysgdl5wehpa5twrswykccrcfjfsqay0c,191.95
sei1aaquu99vcm3vudqfsremwwxz3szh68avkkrr0j,191.95
sei10753yjjkg98685a49r2hprtgtk42ysggzmaxx6,191.95
sei1y6kvnrllqk73j3czzzklp530ndzmh43myk45pn,191.95
sei1wacpq2ds47gxgud8delrynqaq5wj4jjjuraf08,191.95
sei19j0078zdrpfddmt5ms3hmm6zwc7c5fegdl58ms,191.95
sei1r2c6g6q669l4qw5qd27wle3mvg8pnkrna4kxgw,191.95
sei1yfqwln4rrz7u4xkm5t55442gprjjw2zm8s2phf,191.95
sei1mqyh758rjrmxrl64crg0a4560ytwsghhcsq69a,191.95
sei19vltp3cef5tl3hvx5uel7hvft6t64qmvl9sy4y,191.95
sei1mhtu3hjq622vg89udvmynrxpjckt87jgd0ejuk,191.95
sei17na6qyep9qqzrtnxdmhy9qn7drrn96zer7yfxy,191.95
sei1s48lhts38ratevwph3ufc06g80dz6kte8223l5,191.95
sei10rd23xy00z6zdjdhtyfh8k54zje9gqrsw6hy8r,191.95
sei1x6djadm9zcm79gd8nlhstt8ktrc3zmxstpukag,191.95
sei1tt7w3fztfzltk92ruw02xcpfgvmqxqa0g2wrh2,191.95
sei148dlk0xc3n27vuk4nhvywyz4nsknuqcfurxchx,191.95
sei1dy64s25p5wd2u807l6w5mwjn74ey3kvcj8tupp,191.95
sei10k6jqfauvhd76jjde360l546a96jd6f57x2kne,191.95
sei1eumv7cm0v4n6wcekhfaaperhdqxvmjc2mjzzrw,191.95
sei18e6f28znp7wk2dm8rtt52rp5k6d4kuwdsl98u8,191.95
sei1p39f4jfvhy2gemj002elhw4wyunyha6qmhlmke,191.95
sei1puy530fs93kw7sqnayuz8m5ypv5xndz6rl54f4,191.95
sei1gcz8lwm9nuts24fqapuz38gmhhw9xk4rw72d07,191.95
sei10h068dmsswrac23d5c82nw0mhaschfya0ce9lc,191.95
sei1apxpx3tfdy4sdkcymnjsl4gcepnwds93ka3444,191.95
sei135j0454jswct8fm2nlvd8qfqtt59ghauhpkh6n,191.95
sei1z583xpnx8l8mj6llzlu9deskxltqu9trhsyu7v,191.95
sei14lrefgg0rg4nuy84k3mf9aar6su9mfk7ztehc9,191.95
sei1usmqe6606u4tc56qgd9ap97d0d5urakc5nwqvu,191.95
sei1f6rufy6yfdvcsftt446hxw49n05v56tgs326l0,191.95
sei1uyvxnjw7gymuxqrhehq6zv9s3exgyta0f6qf4q,191.95
sei1hj2aselzwvyk4z773llx9m0l892j2lzcnvfvpt,191.95
sei1c5zx3nq2ypfq0guxp79y2hg3x4ht5e60f5tvx8,191.95
sei16gtss26akhkrd97yk66erktxwr2jh3vlps4aun,191.95
sei16acz64y5mk4kuw0j3km5gfcdne6kcwwk4nh8sr,191.95
sei1063kfysr7sktxwtgzhrla99s2yqyg6ddnwgx0g,191.95
sei15cqshdt9634u58aw48svzh0hnedtnxku2zl06q,191.95
sei1xmlj42tgfn5tk37sf60s2rjvs3qrjfsjrd3grk,191.95
sei1fdfy4rs5tfw39wdnh723hauhuja24724xu3hxq,191.95
sei1g2jtahl37t0lhwhavfmx8qqgw2qdnjcf8v7s4r,191.95
sei1qcyk8yx5exnz4gq96w6yekcets0rlvpdstsgqy,191.95
sei1l2p2vpjunua04e027ctkr83gptpxdesgmwf5j4,191.95
sei1zvyp5zanqgm6ymv6dkuf9drzwppmn6zxtgc7qm,191.95
sei1llncc6u40xqx4c4a53d4ag0hkv5ujgn2ylnez5,191.95
sei1nxgar7kr60u5lm23wfsm2mc7gywnpgvuk33drz,191.95
sei1pselnkjhe4rwxxrthqmrsc55pt9dqxfe65asly,191.95
sei199ly9gxpr8w8e2uchjl7qw3hvqaa2dyucpw6l2,191.95
sei17skcqk4kv2k74j93w72v7pgxaaz0mg8s9r0xz4,191.95
sei1lgauyx2394xmdvhujwqm96dwm5ds2gfhryn3c9,191.95
sei1cgg8ktjqxu3dnp9ue25ycd22h38798dxdmkp89,191.95
sei1lhftjzpr9vqr7cv2jeyhcpdr4kpdzkztcgruy6,191.95
sei1vv2yxkumq4qe6r3szh27zgcvu0l0gh5dy90yya,191.95
sei1wpnym4923z3x392vc9st7epqytj3fg34edk6jl,191.95
sei1uuhhtpuk0kvccams68yhgjuqvw5vt3xrrwhr8k,191.95
sei12dwnzjjlptdkezq7kgrf726r7px6dd9j95vvkf,191.95
sei1xh63drrwlklksesnnuleyxjl03rl8wltxz5ds3,191.95
sei1hwzhet3ftaec7z2tej7yn03pxd3y3gky0x07eu,191.95
sei1ec3njh4qg293dupn7ex0m96stm9445nwf039yj,191.95
sei1xlng9jrwcd8zumysy0ddushaexu0ezplt8d48t,191.95
sei12y7ewqazgtkk855pym3sc5nnfefwmanh03emva,191.95
sei1g5kwnpn46zt0vq9lp95f7qeu266wt9tj29e8y4,191.95
sei1km6mg6w4n5r3e3nkl04m4r52f53ty6r454qvgz,191.95
sei1tupdrswxhuatppphwl2gv99ax9etmsmsv92aj8,191.95
sei1ydh6n83qahy0wf407qswern2scct94c6rxlcvr,191.95
sei1mu0ce5vcdz48t63ap27mwskdf23akkvf7g7y95,191.95
sei1l80e9z0s57ge5esddmzmjp488zzjynutd07e63,191.95
sei1dyjzrjcah3vdtxeus97td65t8hrcnv053jsdts,191.95
sei1rwzxk93q73r7x6c0v2vms3dtkl4gdvyrtzprkp,191.95
sei1vjx2f324dwpjgwem90mdq8ukp77ajd6eusfxk2,191.95
sei135h4z2qq5tak9x08qydc2xslkwjpv6muc8u28q,191.95
sei16zaq3z3ngc6zldpm0gujrvezq44jy63g2wds25,191.95
sei1ewe32larwe2chk5dht077rjexj4akr0exuyuhj,191.95
sei14wctn09xgt8htuqrk9qu23h23mfm4rr0ayyuv0,191.95
sei1m79m5atavpqwzj8lykm0paxl48agc0238qn0wg,191.95
sei1sy5dyfr23j2snzc00fju3pnz082em3xfx533du,191.95
sei1u5a92r7acgw030skwy8c3ns3spqlvlfskr9v28,191.95
sei19g460nmvw3u5cf39vrmwf352nqvg6wxpreu32l,191.95
sei1ymhwqc42uhe5qa74jsyaxh289t900ul4end8yk,191.95
sei17v3fjkm86ayzxt3wp0vznrk9z7sjk3hnskzrl9,191.95
sei14x9rgm377uhgepy699m0zf4y6whmjwptge7l6u,191.95
sei16vl55j2tzvyy84tkngx6lu4te8thekygtlernu,191.95
sei10jhwwq5s8y7a86ah4yatwn2f389x5auel2st5j,191.95
sei1etn84gsx88eznp90u7q8lq3syznszndt7kl0xr,191.95
sei1f2qwglr8rmey8ke05mzgq60xj609wp5gf524nc,191.95
sei1zdlvc2rl40gtwvq8dt45jtu05wp9kyezr4g7dl,191.95
sei1jl59n0pj0ddjn58nfmp9y4xqqkgvezqwkmw2eh,191.95
sei10nzx9d7te4jq25030ffyxudy4gu232zt6f57cz,191.95
sei1tzxarmjg9t5jley4cnw0ngvjzlj2fwumquaxqz,191.95
sei1d6d0gdf2gh90lwx7c9scf0ylv72g8llnay7pql,191.95
sei1saqkpk0ca4xq562fks0u2plzvpgfehh7qthrjm,191.95
sei15fxasrf4g7rsv87kt29sm4nz73n5j9fgdmucrz,191.95
sei1w74nfgs2zm6l2czzwkdu7hj96ctsk4nz267k9s,191.95
sei1xwdxvru9nd3sxx3f0g9w7rwky0jrk8acvjrkjf,191.95
sei1038kqhsg5skhu26ayn9sl5rt04rf7y7u9wdfgn,191.95
sei1gh7t8zfeym9c0emwcsnwjgcuew7fzqc7gq4g7p,191.95
sei1w52t66c899ss04ypc5n4s6k988fznxhjupwxqn,191.95
sei1vsjrwuu04e56k4yka2lc7ts2wrsar5wrxm7pqm,191.95
sei1gyqg2ehvfpqpesx60drwdyx3tqfdc49p8ze9sw,191.95
sei147h372c6vznv4tcalmsngvp663e33k73x4qg5u,191.95
sei17kqcaerfzfwtm36j2q7f35aqaqk25rfsld4s0z,191.95
sei1593nap9p95p42ytppaawj4skea7l6m5g2z6tpm,191.95
sei15rv7c99txyt5xvwqj8e0a5gl7k94ttmlydddnk,191.95
sei13zymaqcy9x3rvwmj044wgsy95j864ffv460w22,191.95
sei18n2hyt8qnrx4pe58h0elqk3mg27emrvvks4red,191.95
sei1dkf85j4whq6xpx7sut9y7zfppvf9vsdcvlz0v2,191.95
sei198ff3vyvvm3mwm50phtvytl99qlj9ruxdur33m,191.95
sei17vll9guw9h0hzshwrc6stprl6aw24ztfw27h7t,191.95
sei1jhkfpr2aakdesm24jadypllpfq3rgr2fjd7k48,191.95
sei129desz3y789a4ey2gw3mgd5r7sdqqwm9a9nya6,191.95
sei1fdqd6t0gd2f4tcw5h0pc5fvt5vtq670evrh9zr,191.95
sei14zkmmtsnmcua06p93tsd8fmlqn6fcga0lgv7el,191.95
sei1t4aq9f78xfyfdferzpnpga6eqa22202ztx9zmd,191.95
sei1l6xhvzkz7ldvf9c0hcrwq856d67sx6v33huy66,191.95
sei1gzhnm4c7v725u2cpxpfc2xrafrgsme9x3d3e8f,191.95
sei1t75znt3vtvlskgrnlhpdhghsh0q3dpcl4hcayw,191.95
sei1m5d00jgyxplj6fg53h3c3mjpv9763v0snj2c6v,191.95
sei1rclyuf79thar8g6r4d0zdv0sjn5396kqug3s2a,191.95
sei14ekytce5kr7xjn4qxmccl0kax3epxyhm70a00q,191.95
sei1gluyzg9k2twq64d0xsev3rx35kpz9z92dzsk9v,191.95
sei1cxnnrvfkep23hv2f0nsmd7al4vetmsryu4yx3l,191.95
sei1dlyqfqtpjce2ujczd6c7u35h4g4ujn0wdmwdhn,191.95
sei1pz70ldg55gu27j5x3u50v963rykfr7zqud6t2y,191.95
sei1l7r8mat02dfv7zhzr58tp5hyj6njrj0edm8g9t,191.95
sei1akjukgw023csmy04dfegedh8f4femdq0vsqu5r,191.95
sei1eanhw8wcfmvjrqep7422y2t8v8868qxzpfvf8w,191.95
sei14z008uhsx3lx0l09xh8eyatqdqfptyg26l6d5e,191.95
sei1dg6lu8xg33hw6adgzhw5q4tlz7fzypytc3u7ny,191.95
sei1ms0v3glgy7kfpzp6wwwtrh0yrnd2n4h8n5cg98,191.95
sei13czq6hscwapjmjqxsa2xl6w68vcn8qsmwjml3n,191.95
sei18lrzj62j9szrj95038h50kqq72trdwasngjyhp,191.95
sei1c892cqdzmlj3ct5pszl80zmkgjzmmd848ytw7f,191.95
sei1ecec6j6ylamp3j38lrs7t6e9ha0zrduxdfuend,191.95
sei1v5k2pw9awjlttfz49s9ujhqq4gu436ptpr9rtp,191.95
sei1ds3vaey8w3u3gqdrermnpwjlvkt8v3q0lwra77,191.95
sei1mawzcazzurdx54h7us3kwcn45judz77c55hfr4,191.95
sei1k6dswpu3gguv96gxhkd0gvucn0sm72ypxz0rky,191.95
sei1nwc790ftnd8z2lc0qu8e754ghr59cd785lh4e2,191.95
sei159amr5w9u35f6l9r0kq06h3snl52l8a8ml7jtk,191.95
sei1vxvdzwssey3nn3ts5gp0t5f2s97wfhgwys0wms,191.95
sei1v6vrhpxkrsk25737l8ex84hf5a4w3khkx8hlzr,191.95
sei1qqraazym8vayxf5gv0nh9c07nf6surf26f60lf,191.95
sei1ntueqh9u7awllnxz3xutve56jrky90e36mjvsj,191.95
sei1elhgqzh49hq6j7npvwny5mwen5kfa4npg7vvws,191.95
sei1063plfyve78644s7vptguztrqh7f5ds9urhhya,191.95
sei1va2e7tg5sgl58r2x05ygjcvz5u5370x9nv8swx,191.95
sei1dw3ewdm24aqtygtcaufa0y9my2gl3zh7g9ceev,191.95
sei18narrkzasdgyav3mar96vr84cr947dd46hjzg4,191.95
sei144ymscqzese5ylkwr7a8wjw8xr6wq3ppjzpdlu,191.95
sei1al5cs32kp9rtj64m3z5sagngk4r9ugwuwwwwyu,191.95
sei1sh5pjkgep0uzrr4al5emskat00g5ys7hn4n8jt,191.95
sei17ldjt23xx8v0n94tzr4myfl50c4twlfv0c0yxn,191.95
sei1a6cfxdn3szp8emucka8kh3uw09nr9thxe5pkfn,191.95
sei1k0z8lemu0fdvmv4twnderjy6ltswxqn5zyh6u8,191.95
sei1nk2cmy43kn0sdvpgrsdzew5ncmp8lu6hgpdcks,191.95
sei140nmzck06660egcptskgajy86qj3alt6u0dgjj,191.95
sei1766f0u7vdq7dkzc3mh00j77dqndvqjzw8awjhx,191.95
sei1cwde6j239ezyjelwaqypdfum3cgh7mdj0ddwdd,191.95
sei1h8nk6sqcp2slkzmchqfzuqgjzvyhdstf2evty6,191.95
sei1f3d5x9vze3aaz8fpr7v06ykaexeh4dvp7zq6s0,191.95
sei1ux2t7qqt49d5la9hfh6g2w94578jpmtvrp5wak,191.95
sei13wcsx8psqllxm8lzn4uakyyhuucdvnfr4y3luf,191.95
sei1rcewufadkqqgavta8rglvp676gjr9gw9jkswq8,191.95
sei15nevtg0xu43afg6fh7tkfyzamrhxlhv7zvj0ll,191.95
sei1rap6nrk2j5mvp2j9cpk2ml04ysa3f9z079dryf,191.95
sei1fymhwdckzmkcn5ztxjg5arfh2wctu0px4xsazu,191.95
sei1a7365qc6c4mtt37rqh6u0zvww5znrt33l5xy9h,191.95
sei1yme6kpa2rdwtp42rdm7tvvmnshwg053lkp6q07,191.95
sei1zvdrnx6wqrus7a5r8p4kkfhs852u3vm4ga58g3,191.95
sei1n0lkkstr6yy5kkgr4weuclq822uzvha8fvjmlj,191.95
sei136zqkara7n6htqgrer3zrgpny06nfavujncs9a,191.95
sei16f0tfppauttr6m50zc4zyvhlfcvasdyt9s8q80,191.95
sei1v6c3rvagtmlqcdfzaj3l6jsgzrsrhrmwamvcr6,191.95
sei1j67x5rgaq09lmnfyz9pdk6sxgftyg5wgq433et,191.95
sei1ykaa573qhz5z3phey4psvdd0gcrqcejelu594p,191.95
sei1jmtv5gnf4kncc90tm0huvp0ugmee8y8uhcn2t9,191.95
sei1aagtf634w76kp5eruvu4fgkdugtqhndqve25nu,191.95
sei1zfnsxsdu0nxmffp87aaxzmcyceluqkx5jxnwgq,191.95
sei1dlddck73h8r496ghtsvlrzwzl8je2fgdckqetz,191.95
sei1truse5pfafc4zc2aa7jkhrr2s7t38wqgxhmuwh,191.95
sei1fcg3uew3vrmt932pq69t0w2pmx406p97jrzpn9,191.95
sei1u6p66953m7p0a52hl2ajyj2nzylf5gkvnf7p5j,191.95
sei1t7qv39dy4l4s2jws60srdkd2utucnwk0ktw3w4,191.95
sei1e5dxs43kdvljvukkjsn0k3u7658py30npm8v0j,191.95
sei1q6m2e3cpw6l2zrt34qunetycmpnds70ks623rv,191.95
sei1hz40j74jar6vj722lfdy967zv55mp28ddzv7q2,191.95
sei164e5d7tskua5n5tl5g5hsyk42jvsv6whhrwajt,191.95
sei1na7zq7eydqhmxlkwuzf9ce2zw4c2myv7xymrwj,191.95
sei179wqftqeuq6dc0kqkdw2ekrnmn9qqd5hewp0ek,191.95
sei12ycgpcc4u3qvty0pq3q90w92qqe56hmjrjd6nl,191.95
sei13sx2rmu6aceg5h5wuk5wqfjyvsqem6k00a27e8,191.95
sei1lf6anzd79gaphsy7js9h847rgp8gaaen94slq8,191.95
sei16k6sh5tvmcpkttxtq3u57lt7sdsft0xy2kjvhg,191.95
sei14gqwj2nnf4rvevx40kddje0swyeq85ks2waxm9,191.95
sei163r9t5m9wfx0qamrw8ckdm8kn8rf7s8nvq7w8y,191.95
sei1yrrcp7w7lv5g4nnjuc83nqgud4kdngwt5jlgpg,191.95
sei1tncsxezwr9jtv4zr5jcesmw5c9qg36qg6ty264,191.95
sei16utg3ns8vht2upudg35jl9naw92mgmfj2v5dhd,191.95
sei1nduqq2c9wfv4lnzw23rd82xl357tmqzfsqfuty,191.95
sei1zkgzff4ra5napk7q3swsehd25lteup88zn4unk,191.95
sei1cmr2ffnue5k5zn07grklejcf0trd68647jw4x7,191.95
sei1kzdpknym2sdfycmnp9je626ruu5peetv8jlll4,191.95
sei1lr7g42z49zufwjv5rppgexj2chs27ta82rt0xt,191.95
sei1vqlyz3p9pr5a8vqgvmc4lmeu0lle560qpfd2ed,191.95
sei10gsv7nnq5qpnfqxl4dus2dvwz69gh6eazlh9p6,191.95
sei128v4xphzerm9quqvwt2hkp9m0lzl75tljf82c4,191.95
sei1v99vytamgnh3vx2ms7c2u6z4ha9kx80wlgxw2n,191.95
sei15nmw7gwxhk849c97rrp4p5dhz8kmh9fmqmsk08,191.95
sei13kq4m24gypvakag8scuy842e3p9g7gl3te5s28,191.95
sei1ntjw757n9ndw25uavstnt4w56cpksxcwascm8a,191.95
sei1zhs4ey5vf5n662zkn9yldaff98ffg9hautq609,191.95
sei1ft68024z6cctk0npc6yq8m3d3xns8fwwth6mjt,191.95
sei1ajjju4u5h0nwrlq5km6rtuave8fvsy4da50ad8,191.95
sei1ctx76pynrzc2czf24fssl2vukewtd9h58l43fn,191.95
sei1d58gezf3z7t7mxtg4cyc87mzk7psnyp7e299l9,191.95
sei1zkmrr8gf305dqxtv053r7ers8zqnh077y3h3hv,191.95
sei1mk50n6fvnlmgrs62gd66x66ce7nwam4lcm82ff,191.95
sei1e7jah7uqh4thqhk97z9rz7z34ss3zyxtf4286u,191.95
sei14700c60epagf5k8muudztcvxuvuewuggnf32xr,191.95
sei1lnc2sjsfmqrmthspeg3auq6pvmk6qxgzt4rszp,191.95
sei18mhaeednfrc7knzkukdcas2f5gfsvuxm493g60,191.95
sei1tukklr6e7muff7lx025hmqda7gvkhg4a7hqwjy,191.95
sei1xacn23ynwj5gpm0d64lruefn27eqxeh72wvuxr,191.95
sei1dkvh6stzs095am0ep5p0nyyqd6dk4zwlgqr2cg,191.95
sei1dry72z053lxd2rm4vvl425hjx7wl4r8gjcl9et,191.95
sei14ce9g4stqpm0xvl4xfukuw0mprz937fav294pc,191.95
sei1hxqmcp9whgkez7cgyznj3jd7z6l2r02zel6cpf,191.95
sei1jq2fwdmwves5ccfnnde66kylwu9pmuheyeeza5,191.95
sei1qdwtcgnez9dmcdc82c82vuzlv0yek3k88mju57,191.95
sei16ktfrfj26c0u744j2ac8jfcjrfnzzttcvyyh9u,191.95
sei1xwr8prchkgh5wk4238232pgnfu82uj20ss7vnx,191.95
sei12srvwst0u27yxs96el3vd8qu9jqnd9v2dkhkne,191.95
sei1ypw0dmnnghjn47pjgex4jfa623g6cdplq3e2mt,191.95
sei1vm54jmsg6vz5et6w84vyrqx8j46j45npx96ndf,191.95
sei1w6lang9uusr62n4jda7cenlew9vq7mu0tm2c5s,191.95
sei1tsvvetv0hhj47kq49ce8texmwuzwlnlvu63zv6,191.95
sei14zkqy33zwnwtw959v3wrnqkprm2xyeaf52ev2h,191.95
sei1mr09nje0uj4cvcafcsres5d65c9y0mye7hd75w,191.95
sei1w64rlg2pkmfktvqequ0tedrcmdnqqa9t6fxfg8,191.95
sei1f4uzzvfr58k8vumln3q2znld2rar7wcwaw4f60,191.95
sei16y08vqeaqmhnjqnk7vujve9qkp7xcapxdmz0pc,191.95
sei1yk7wc76y90r2fflplse9agyzwus3dvss55rz73,191.95
sei1yqc4lns9sfgf8egpxruc5vkfhp5cxx2954agsu,191.95
sei1j3nuww2xx086c678fuf2rkrd670lmlm0cejn2k,191.95
sei15c0wvr34z3jw7yk46jeunue0uzmfveyn585kw3,191.95
sei1gac83ldlfkdjky775uf93grj3e9a9gkkxjewvg,191.95
sei19tlv9kmzdwudrz6vds9a2av5aqvsgrv9fq7yyt,191.95
sei1e2hv6zntgphhcdmr5lzhae0leh06dz4v5xvgwn,191.95
sei13akklg6aassg6wr6dtsuke954998ch6ezaz9qp,191.95
sei12g4cq50zg4ms7uwxnvvl3la90etlpnrc8q4ydz,191.95
sei10usc5apsjng0nupq02478dgpnnmeh2j626e6jn,191.95
sei1v47g3590tx35vn3aplxvvqyl0zg9jjrv5lczr0,191.95
sei1hyyjrlvq57f6pw2n47j9vfnqelvt2ldtjcfpm4,191.95
sei1kdvkys4sudrrkd26vkarge24m22zwtwakhd5jd,191.95
sei13pfyle77jzvhusazktcnyctgtajrhpcutppahc,191.95
sei1xv4mpzgdp8rja4le2nsf32tqw6l9t8lds2g0qy,191.95
sei1729ldu96gqxrs4357czhynhrgxqhw2tluh5h8h,191.95
sei165u25sl3ky50ac36j20h84mjpsxrgsktx8xyyv,191.95
sei12g0zqhkshamnf7wfp6y82q7xz4q2zx348zua48,191.95
sei193r888rkpj697xa7djaahlqlkut6hnevvprr2g,191.95
sei17z7dwv0dnrdmwex65jcquzffq7q0t6864pcaja,191.95
sei1d4q2q7jrpz36fyac5zszumkfswkza8grg69tm2,191.95
sei13mng7cftttqg0us7f9ygmsxgyngdjxrt2ver2y,191.95
sei1mcxww4nnfache8wqx3vypywzpa92w36tdu2nfs,191.95
sei1cae3gqwdqfew8samxcste43d7yfdsy3uf8zqts,191.95
sei16emzd7gus7zvzvwk2czp9tzenkjch0p2vwzhc4,191.95
sei1r4svf3vlzujg5veexzgv6xsf96fgfekvt006uv,191.95
sei1jhxwlfr8vtf07f20dkdej2jqstxh63raa0w9mw,191.95
sei18kjj22y727h532ctq2pvdjj3jpgxulmfjhj5zr,191.95
sei1egvhrgk40hq35zh8tmm8xxsfv97s29u5mcj8tc,191.95
sei1fjkzjszek3fscz3j3cnmhl782lhuzkqm87dnsc,191.95
sei1ghfh2d90ver6lf6pp635zt3ravgyjyyyx99u5c,191.95
sei1mgfqfva0ntnsensms8ykf33gwslvufsszrwv4n,191.95
sei1kuewa8kzquck2y9qyd5dvprt2z73hawhkycswm,191.95
sei16en79csxhpykx8zwrcqe2fvdq39l9a2mv2uyn5,191.95
sei1ay0tpg69afjztqxm59drcp6sh5ufrn49qdxa2v,191.95
sei1lq9l9jkyjumgcuq4kw9vct36m34kru2acy5zu5,191.95
sei15vyds353s4cfz9k4fhq3l6gw4a7pzfrza3cnr5,191.95
sei13jgpxypas25d9vvmuwtsu62lvuxjh53tf8atfq,191.95
sei1rmt8pud82vc8p0q8mpm2z3mzejdj59gjfc7ekr,191.95
sei1apzk2x8jqwp4cqx998el70z0c49kuhhne6uw7j,191.95
sei14heyxql98kh4x8j8s953kxxcec6pshl72sra2z,191.95
sei1nauwguml50a4yyfzdjywupmqf454dx7ww99hqf,191.95
sei1lg5vs7l2lwrqwjs3axg9rh8lhjskhah3ah3v34,191.95
sei1dwsf8jaca3nz86j2vs30d2hup9kqnyjrcppa4j,191.95
sei19t9pkyz49tgaw793atdkj6kae4esx9zd0qn4ma,191.95
sei1sm500fat3kedgy2gzqemyldaxhvma0qxu744mm,191.95
sei1j4xk3kr3rqpcg8eu2jmrccnj665czcc05p7kly,191.95
sei1x8mkm9z6kljaq06380xkpfkvrcg0hqfk2re3dr,191.95
sei1nh06lu8sxhmqq5anwggw2hnfckl4rza70dgwv8,191.95
sei1a8z37wkypvu5skrqfml9rxf5r0yxnlhlrt46lh,191.95
sei17ru8ln4udafktspxmzummgcpq5nk78wx29w3ey,191.95
sei1gsn0yfqg8vnxmh7fwsv7wl0sp3zt5g7gedwtr4,191.95
sei1xugla8tvrgenjjxznp6l9mjztvf0852ha7z6wg,191.95
sei1utfdftwzcnl8atgj49mdny9snkvp0lldph0nqu,191.95
sei1fjklzgne7y26p3vhjvapm7ahfcu0fdfwktppy6,191.95
sei153mk6pdgq0rprja85l67l8fvg5dr80uh7pyz0f,191.95
sei12yvsv9pmx5gp84k292h8vumxku4u6cwplr048j,191.95
sei1f2xwuqyg3naejwl378kgj2sqdxgvk6rp9e5nja,191.95
sei18726f0z6nh73xz45sajk48tfr5x8tekatz6de9,191.95
sei1a8tgrxxs3s428976cz5l7a6048qzwvka8p6zda,191.95
sei1eqwcseujffyftpjj7ule0ecwxlad74j7mddqxq,191.95
sei1z8t6he3hsxna67kgjtzr2vnnnqjy2f6fguevss,191.95
sei1x6v7mvnv8qw8hn3ls48y3zlhqku90ph0hu29xl,191.95
sei16xa3wcn4y4kc4khh9g79zg8nzv8jpr99nt3tcv,191.95
sei1vlm4c0fgakxgq76d5t64qjzsf74chwwg2mcxqx,191.95
sei1ap6qwga57t2h0vgu7p3wlfg04jet67xawylgpz,191.95
sei1t5ufek4axfh75zj0464d6spge7f585zwxs3m9z,191.95
sei1njy94n89d3eygnrntjflssvfrdvgzt6wpr2skl,191.95
sei1ghmvfwgxx2j8zlmlhrfzsaxcsafldqnyljdy93,191.95
sei1k83rkdhu876pkmjxkkng3t7rah4nqu0xln5dzn,191.95
sei1ywyh9wvu96tpxk0rnf9t9ygy4vwswngz2lvqv5,191.95
sei1yvvgfqsy8t2ngw9exnkmu3uhmujy6qx7pchfm7,191.95
sei1u88uygu3jrxj0gdumyz3dpe63ws48lgzv2ynn2,191.95
sei17lpsp3syuyr4wnwm0cvqsqzkl72k2d7rfgssfy,191.95
sei15q5a6j25vcnayla2uvksq7enwvpukf5peurhyy,191.95
sei1c0uez4tcs4q54n850sggmv2zvqeu5w6unxtvth,191.95
sei1jtt9n5jwzrhfmyyhrg0ewv7y4j7exdvqrgg74h,191.95
sei1f7hmprnr8g8g82fs84qmj72ru0lnqxetfzut20,191.95
sei13jpsnd569dfp4gvcaf4garu2tc6054n02kp5ca,191.95
sei1qwfvvr4ff40n8uqravt5pfwmjwp809aca7a35z,191.95
sei1vtetw3xkd56khgntqj0m67dajlg5tpd6pj7rjk,191.95
sei1nsaftj946e6llq507dgv3h60dgngpau4n34wnk,191.95
sei1tncw5pyqgggs9cy6g5u63xhydj2trrzv3vfphw,191.95
sei16srz3yurapfvxxglh09grmle5jsq7pwf2093mn,191.95
sei1pxr2zzr75ftsqy4m2m3vae7dc72nz8w2r9y62u,191.95
sei15fsd4vdg324nkxvkytuyzx6l27xs7zwh7wx0pa,191.95
sei10j2m0uszhjwf435gvns2ylf2lpdstdzjau4e2c,191.95
sei1mcguuadu005l5enk59cq506hrummtyaaxa47s4,191.95
sei14myh4033sddt2lym5e5k94ulw38wjppp32v8wa,191.95
sei1jktzw6fv2jwxlc8eyurz57la2h0sv6pmy56x6r,191.95
sei1led60vhz6qdd7d6dc895kfgm6maa5zdd8vxhsg,191.95
sei1m9su5slct5nu4xu06rstgg9a5v2gwj0aa2p6zg,191.95
sei16za2ycxknkc8rjsanq4esnkqhralmqwmr484uj,191.95
sei140kdyypfktdtzzke5utqes70mfnzvz5ren9lss,191.95
sei1g7e9ec84jhwkwtewk5jc6tm7nktwdhla20fmw2,191.95
sei1g4rr62tyu9xf8tcx4demmkxtjlpascup2e5ft8,191.95
sei1fg3manklrdt545npk0h9qr0l38y549wlslv8lf,191.95
sei1jr5zw29yu5vtt48cmevemy83wkyctcw6f0h8l2,191.95
sei1vhmpvezdtw8zkvfa05h6envlah2uqlckxtv03j,191.95
sei1al63cx005ryyynmqdjkkjpukueeg58mejxle9y,191.95
sei1qe3ukjf8yeczsnea05w4736tqj8ptvdweycpvj,191.95
sei1sn4ezrpk08z9hneany7tymd6qhwpgnclv8j6yn,191.95
sei1lcsyf2c32wdfgh87s2mksyzc9y84jv6jeg4qhd,191.95
sei1rl6pewwy7t6zynwvt69fgwsyhcx4ajw2636uwt,191.95
sei1d0xqg2kftsxt6c5lanrla4ha7wdp7wqag6nal3,191.95
sei1jed0dgn0sh4v2hqc79rthgvumazw7vw88tse94,191.95
sei16dcrlxu2uuttm76l0r68w4ln0kfrcaem77f27k,191.95
sei12cpvu3d6yve3xw96mhwa9gwy66medxmxuxdn3n,191.95
sei1zzlx8anywn6yspwf8ax7r0x4kevjkgude48jug,191.95
sei17q3qtvv6vy4l7zn3vnvwr0j3r040k4puujcqxx,191.95
sei1hrf39x264qv5jjkpg8nafpv8p50rgaq03vqrpz,191.95
sei1tr9qdseytx6fwt5x2ys2nsy4l0shkx4cfaw6f8,191.95
sei14zt9wqpmaf7j87lq83ll68lavz3uanv5z4tzv6,191.95
sei1eataulqfj4v9fa77rxna5q9xmr3k8hquulprjx,191.95
sei1h0myrwm9g6e396hac9rpwuvasfevw8rvkmnadq,191.95
sei10mq6h605mgzxrs670vdqckvyyj4e5n7879vk5n,191.95
sei1jq44x6a28vgf9evewmvek94lhs4a0nn5ccnkzw,191.95
sei1tlx4k9lyke33xcnx03y4zh7es7l0fxl7rhfexf,191.95
sei1jp32hf9367mnqm3jvgggpkxcu8falrl2u5mz0k,191.95
sei1ujq6xmvqlnv742fj7x4psc2q70z9s9u9pngxjg,191.95
sei1xqe6pxdet92v4eclkfdjdkgvq6w5456e7nmudt,191.95
sei139502ulh5wfha2dvdkcdaxrxxgthq07ygdj55a,191.95
sei1cza3wzaludrzspjz6476pd6kczhs0uu8yshn3u,191.95
sei13yw5q6qq42sjt0ygqch8nepxf9t2meqkp0f3e3,191.95
sei1vgxjwh94rrnm77jdcqvd8g7r0gatdlg4p40cl7,191.95
sei1v0e0y8s68c0ffhzezmw667tsfj2he4rr8k8n4g,191.95
sei1wa3lmz2ftugz2q862v4flmhjm2uq0wtr49rsew,191.95
sei1jgpcfwfgqs593p6vjprsul8fmmht2mpd3j07yv,191.95
sei1rrz6z0z4dj5czt577cyrh27a75m8tx0wyq2tpf,191.95
sei1lqrlt4vdeqwka4tpk8uvswxx3xa7duur8n4hnz,191.95
sei1lzlx3mtsrzvp22up5nx6gljlzrk54tedvh6fw3,191.95
sei1tw9xj77ydpmx7fchtsrvfkhe3palr7qaer9r64,191.95
sei1rcrw97f04cy53jt7dfwgupzls6d0qkcwztvtvy,191.95
sei1dcwh6cyg27c024e80c9jf4p8swemaerk5qf20u,191.95
sei1jh40l8vwx8sv6kw4qh0zgp4mfjaz923ahurnwj,191.95
sei1lzqjhj4meanef9rjzwsds2l9ddht7y0qvx4095,191.95
sei1854hgmf6ls48julrau5tuasxhpy9wxzw53jcy2,191.95
sei1xnxjhj5lzev6zahq422jx3rhl8v65m45s8c9aj,191.95
sei1xxhx89ca95djzkhpu3pd7fmlw6f6mxz8cvggfp,191.95
sei1vqjvpkmej2kdw5l7nsy5gmzm5ky7d6qsfpt9dd,191.95
sei1r9u0wl9res9jkfzwv7tya4schva6vqglqtmcfm,191.95
sei1d97kdlu4anzcu3sx9apm4welzvduxneu86scp7,191.95
sei1pmgpdvt57rll40seeqflxdwcmlnhet6gyjqxpf,191.95
sei167ususq0g99eetvjkgvamyjymje0ux4eqjh3qa,191.95
sei14rxkakmltvwr3zhvxawmpkpv8yn4ywemwjrlcx,191.95
sei1w3q9ykvu4n80kssdxtd878nzzkatk4xhu6428m,191.95
sei1sdctwxkasprum2p3rakpgg0ezafft33e28shft,191.95
sei17mq5dlmj8tks693knvfjf3gltrd8rpkrgm5yfv,191.95
sei1xwant3qqss3unnarwz8cazas4a6tevst7mda3p,191.95
sei1vpu439gwnlr2w8x6f244a5cjzg6yxwhfeqdljv,191.95
sei1snweyrzw30jfsfay42ch09p62nkl7mmzp0nyrd,191.95
sei129ler0sxqs0zlam7zr5dxv5642cn3p9hwcyzft,191.95
sei1pxhxqh5f547uvxws45hjaycwrysqk5rwltq3ka,191.95
sei1xtztz7s3g297d2w0qc3njyw8p3puleh5fl74yy,191.95
sei1aztc8pk6zdgs3397njgj4lfzmj22x7m4x7rjkh,191.95
sei1mq4eujjl02ecqsff89nhptx9m49p9njnp9zsnk,191.95
sei18q0mfv9y9mt2qfvfzrm6cvlhqdpp4rtl8ec875,191.95
sei1m62yajadhx55hd783ketrg6ajcyg83mpzu73au,191.95
sei1jau3znr66akhn9scz940mxekcdvh0fpl73r0ym,191.95
sei1njkvdj7vqmvz5lu3sw5jtu0jrkda5g530r7cy5,191.95
sei1he30dwtvck85xldt5w9d03ffqd4755t4nalvu2,191.95
sei1p69673wsft3fuhjf4eu4weqenw3nh4eh45qkqh,191.95
sei147jj2vqmyg4faphwsuvgqjsqmcuhucvfxh0df4,191.95
sei1nu2nn2wa083zdkgqk70lvaa60h99kz20szs23r,191.95
sei1vjrx0lks65yefnsz4xk92vugda2z25esfh9j8q,191.95
sei1ezqhsccf27nwxvzqyjugh4ymwnndspa36zq6m0,191.95
sei1n7m6vz2pr6vat2tfvudyd068066uqrqaxp5fze,191.95
sei1s2p8ly87c8qutdddcrnwmqscmxlm8z5n04mh9m,191.95
sei1nqpv2gmg6e7n47vfcxcgj38me436w6rf49rrfe,191.95
sei18ncn3hhst6mygsmazfuxrfdnwu0sek0k8lau58,191.95
sei1xdhatq29c6tw3etsf5umcrnckvh4fwzk2uxfqp,191.95
sei1py2mdctqtud7shrxwltaxwecn58v3fm8qnugqt,191.95
sei14curjpqwp2fvc7hxaj99kcddu56x9lt3hew369,191.95
sei1cnad0xjvejgc8skxtwjneg8zeprz8mt75n5cqk,191.95
sei1xpgrhrz2szlpmyfczepf385dasa8eae0unpjsv,191.95
sei1dhylxme4ta338tvkt6hz2fcwhz3chqup5nl90x,191.95
sei137dju08cgmma8sytewufzcnget8czjazyl5vkl,191.95
sei13lh8xvs8hnyett9u90sdd8l8cld7l9p72xkfwu,191.95
sei1e2a3mn40p6xtatzknrvdm8zvjqv47t626c45uk,191.95
sei1lserr3f88ynsnv2q0lw5mqqnt3qjkhcay56qh5,191.95
sei1u6m45kf355y9kv5qgra9u39p4vqdyhf8q72eml,191.95
sei1hvawcf282m446wj7ccs0wdagr25me3g9vqe2vt,191.95
sei1xryqfj643ne0p85jjetz890w6s93d4zgq9wyew,191.95
sei1nn9yhuqmf4y56s69md78qdx9q8yj7pzutw8h2g,191.95
sei1eseswzl3u35gsqkwp0d2wduykzw34c6dmdel3m,191.95
sei1s0wa3j6f4jhue89s23lwcf9zyy8vrxcsk8lqps,191.95
sei1axhswsgywy6avqeeucyuth8cnvfhqhhke5uvdz,191.95
sei1my9pwu7qwjxaq539utmd2083hnasl6zslj9tft,191.95
sei1y7snysk5pqkg9np83vavkuj4lptt53jxq0mcwa,191.95
sei1jqmhv8cgdvhwlqrmj22640aq9qg48jwap00h4l,191.95
sei1uj7ed7sa04mv4fdqtv5p6v9mxsp3kfh7hrajc9,191.95
sei1a0whyfca0tdvztlr0lyd04was4rxx7kgq7s0g9,191.95
sei1354dkp8ydmhvap0zgv4ruv0e0055nk9k0zpjeg,191.95
sei1ncq5n7mshvx0nz62788tnxaz89m7cma765hrw6,191.95
sei1edhr0px3tmggqhvkyypgs2c84cgmc2f9c68h8j,191.95
sei1u78l9wg0jldp0h5m3unq3wxttketyqpknn3znv,191.95
sei1exj7y8xe32vjzzscz9xgjaq3q8yp72py4mde8w,191.95
sei1tmurvmmawejj4vzndmxg850tqq2zk46na5arud,191.95
sei1xyjevvl42jmn3zpwhnt3mvla57624twun25pcs,191.95
sei1h7eg6hrawyxa5u353ep6yf8wg37utqry03hq84,191.95
sei12m4xlkqx7p7q2t4su8z569v5e76euzxykpvay7,191.95
sei1wxryxuuc9e2yp274r9da4ynyygu8prm2p9w5cv,191.95
sei1rkj6wck4eznr4ze70djv2nk4w2keqlhq7jt0d9,191.95
sei10ue8ergmgpztgtc00p54hxnmukvnqrqck0tz37,191.95
sei1gt76xs6whch5exxgxchlqetlc2nw77r3yqty68,191.95
sei1l4qxdm8euggf5c3279v9p85jt4y5nmp9f4fywt,191.95
sei1045wrux0602xnk6cvex2twts2a439dc8alvu8a,191.95
sei1shyf3vwqeam5e36xg256dp4e0tj249gtck2lk5,191.95
sei1sk8jnqzhnwstuucl2d7u2dk2pp02v9vrn8cwp0,191.95
sei102hfhdscqs383vr6cuukz3hkujp6le44p3mdnz,191.95
sei1ha8vqad86m8gr5wr8vzjp9q5krjdg80rq5vcrj,191.95
sei19v9tcvqsu74ermuf74lwedzts4pn30xuush637,191.95
sei1cw7hn6y8zn46mt80ns484f8kuk90aq5fp0edjt,191.95
sei13hjdsszn64e209k3v3lczmyadhj89xxjfddf3c,191.95
sei173r7umcuf57puw5u2rwjyru9ytptyxa2fy06c0,191.95
sei1ntj0qfy6fp4u6xmapm2yvqfr3mpyhjc769upm8,191.95
sei1rx4zqd2vl0py7hr3wnpfl4pksqufujfqkff2g8,191.95
sei1q3fnmjxnjysrsxc6h625n9lvznjfhpnqjgqa4y,191.95
sei1w0pw0qgq405gqpqxvcggsur0xr79ayzv3umchz,191.95
sei132r6n5jht3ggv4p39c6t44u5fartpsm9jx7nje,191.95
sei1yd5snfuasp79eyvjeav05mj25gxa5s942da62e,191.95
sei1cmwxnt4t9y672gzy8ykk92eqjf3gclf6frq234,191.95
sei1xemrlnd3q8m2855fyfcp56q5955a7s7j06skvq,191.95
sei1mulzt7muraxjqestp9pwum7r90vrhu0pcxaamx,191.95
sei1plqhq64xtptg2z2jamw5hgqhlajyemduqzkfvk,191.95
sei1cau0sx2ueadsnufxgvfkd94eepqjlzewz674nr,191.95
sei1tt3dq3nlr0ajr3kwlaghgc3knavetznud5ucdc,191.95
sei1glta2d87f76rwl5fy3mmactql5qem2l006vnn5,191.95
sei1ypea8htltwafnlwtwv9qnn7wx6rd4xlgfxt646,191.95
sei1d45ktze7x7dndgrgra3vmm05qzvc62h3md3v0m,191.95
sei1ulngdnjk0xthm7jvxqq6uswtpm5e4afc3e06p0,191.95
sei1pgrw9gd8r45rp4w3gfd2lvwzql0m8j4mlmr3fw,191.95
sei127fzecnv0p70u24lt2hy6r6rkvurs4jp38245g,191.95
sei1wagsx8vq8qla49gmwd4ykjarqvnjgqerqh2sft,191.95
sei1apl6684jr789ual7uwjap4kpx266luy3u80jaj,191.95
sei1fgcc6qmgmg57ftxqnqvwvsu38qkqwps5vl3mxq,191.95
sei12fycus8fvxtpqwhxvm99crf7v77q69gxfl37tr,191.95
sei12z7nnxwz8yluqngh0u0s5235sf6cxf63c9ukmt,191.95
sei1g8c2eecrvsyejz7kzzuz6mehhcsvcdhv4ecv2y,191.95
sei1gj4v630clv8c4qvtdnld6uusv93uuv9qft0eh7,191.95
sei1dmm5gqvrs3pjd53xatn8sdv09fk0rxxaapcl7r,191.95
sei1ma4pehjnxctmh2ed8vz49lj588uzavkgfy5jte,191.95
sei1yj4e3hxw6zelxa82h045crmyr0ygdv4u22twgq,191.95
sei14jj5pvzz3qsgdlr6aqwf294kem2ea8t6y9paya,191.95
sei1rycfgh3uywzwf72qy98854w6fex0uyaquv9q07,191.95
sei1md3ueszlz3e446f3ckjnjk3twsxcushl8tr97q,191.95
sei1ssg666ur0ujs6msfzda50alaut7xk0zgqzdytl,191.95
sei1tkqcf2fwh53zuvxm489x09502chdhnj22z0apx,191.95
sei1qytwyc5ghvh7el097k0jxyaywep7vgf3rekgzs,191.95
sei1g3zmx2897u5l6c7ffuccetp9lr9uvynagmxfha,191.95
sei1uzlkzm9u9tfcfen9t8h3v77wmas4u7vy908tnm,191.95
sei15mm3e69rf7aw8w2v835chgdh02fvmnutdet2na,191.95
sei1yt3rdhxh4pfqths40mp0jyuyxtsn63d96ky83u,191.95
sei1ldcs8lytsf82vz4g4j08hf45k4pgamfjn287ga,191.95
sei128nhkcrqq5z50tpy8vvt7gucepxudu5e4008qh,191.95
sei16vyummhtgn4wsarg87crtf5d0c2ewh2gc5xlvk,191.95
sei1taz6wedkvqtxuz7ykrcwwk45q490ntcq5x9unq,191.95
sei1wgmrnkq2kw9eyyp8ph5eq4hz2wtp0aj6r56v39,191.95
sei1g7x352z37q48xsvpthrv408f38ajsvv00ds96p,191.95
sei1d8f3kcgyc0ejrj689efqqxfuetkl7nz6shr2ww,191.95
sei1dzscvd08nnqhtlr5x272yz4z99ty9fy44am9g3,191.95
sei1yskajhqauyj93d7a43y22drv3lv90arejsvdl0,191.95
sei1kndpnk4lyq364cw7ll0rq5jmz98tpey4ghuxnz,191.95
sei1gankw9pdtpgg53fhyr8uv9rr3kq46svftssjwq,191.95
sei1xgyhry8x5u4vdc5zhdf5xf6q57tza3pwwj435n,191.95
sei16nwm4cmg4wp0626qx65rka33h8du0rgum53l97,191.95
sei129gclzguxytsf7rgecskkhkphgu54v5n04ndjx,191.95
sei1w72l6wjz6vnufzctkkaw5dfuqm2d2756v7jc8v,191.95
sei1jmkp0ejqmu2ejqpycg2n8tygfyvd3wh9ypfwlq,191.95
sei13s37vn4jyfhn79qd4msdqcahdqle935exh9sru,191.95
sei16xlvdjc80sg93sxrt7ryes7hqpfzdrqlyfh5n0,191.95
sei1gmyjakj4pj2r9jzd7m3v47negc38d04rxqlpc0,191.95
sei106k000dk22q0ghd574cdxnrppwhxsmrxvjuk34,191.95
sei19kqykrfvuwc4yq2trldamh2hel2fqj3rhtg93v,191.95
sei1js9uukgm568qdyjl4m7l725r7ejpmv9vdql9k0,191.95
sei1yq8582xqgd68pfm38577z58d05u63cpf4pkc0v,191.95
sei1ezh7l74l67w5m6szm9jn3na45w46lm3fjttwsr,191.95
sei1mymvudfq6vzculxexjr296zjwy2xhu27gx50xq,191.95
sei1dztq4v8rkxsjd26lh24pnwakpfp7dj9asx7whg,191.95
sei1q352d7r4e8vcg0uth9fs52s9x9zze9pxmmndca,191.95
sei1etm8pn8n67l3dwddwgvdjg792fdg8ladj2xy48,191.95
sei19rxxqx703vuhjxh42c7xg9ya4jwhlv8nqef5s7,191.95
sei1837rfjg6mnerjqgrxlk03uckmhmuvstq85fsy7,191.95
sei1uqhrtrr2xnanwzjzncxcs30kyjpx3j44cjyhlf,191.95
sei1jkkf88mrx4lntmu542wwza9lra4r6ek8drreh7,191.95
sei1j7eahpe9ckfwwk629cskaftwp793f60u7jhkj7,191.95
sei1egwkm8tq846rr9uk67kkrjf9ck96epz3qxfaq7,191.95
sei18eh0vm6p7rqcf6ddwz6w9y3c4ndv3f7476q5ql,191.95
sei1jmtvrsw5zkwace6qh42yap8z6n54cm2wn7lj35,191.95
sei1emfkez823fa7lwmvxc4u9sw00pv87n59j6hqsw,191.95
sei1qz9j8ec3u3mwchs50m2r3sjm8yx2lgha8s5gnw,191.95
sei12lup6edmdc8pk88uv0c24sdrdx40g747s6xlhg,191.95
sei1w3hhgpxy6geu2xzzfjral4ffzunzn47xw3055n,191.95
sei1vhlxd0ek3z2s8yuexdp2wm76ncje22v7tlxgz3,191.95
sei1mypas4k9fx057gjn976nt7qzprn437sl563ega,191.95
sei1zn7rah56xnqt6gw3apjl6srh94gnqwxv0ssjj4,191.95
sei1u77tpkq3cr9lxtmmppw4u477mxl53x58s3c2a3,191.95
sei19zsfza0ejzaklftqslgkf8y5u7653m73grnmnp,191.95
sei17ft8ld3wzm4xfwg7eqztnf4t76cyy7y388cpp3,191.95
sei10x6cgk633hhl4wrs6zlmd2lnjgtt6xhc2cs2fk,191.95
sei1vr70grw70gspzxlmmjew3f6jggtw4pst8h3qt5,191.95
sei13lxy6pvkwrhjxzaq950zqq0vrrw2xw2afza7qr,191.95
sei17gffkkz768g7lpt2px2jrrjh27hxxpseadgauc,191.95
sei18nf84jgwkqypaplz45xyf3yegpu4vvhzs9gerv,191.95
sei1r5fxeetkvrdwzrxc8r4440c5wej66xv0pgr7em,191.95
sei1n3al9cn95cw0578dwp7755jf5las99ksdvn2x0,191.95
sei1nuspk8n62r8wvmu7kl344wrkgcna9p4jpml37d,191.95
sei1n2c4ewxsajta7nyvksza7kxar60ml3z8aes3tg,191.95
sei1rzex6k4zmzr7xjp2sy4g2flvs5xra5ugd0c8ly,191.95
sei15zmydr2fgjt7m9758tdkh60pg2cnymvgkurduk,191.95
sei17fx75m8azf038688u366tmkt8s3ewt68aw6dlv,191.95
sei1tst6npl4zjrgwdqkjlvvq6w5v4acj5skrrzft7,191.95
sei1vz36re7fx3qmtsvnkeal4xr2kw8w4zcnhwp4v4,191.95
sei15klenkwrechuecrmja7g5yd2567y470fa6r65s,191.95
sei1y2qvg27mh8hrxw780t356gh7am2rdxx24x5sxs,191.95
sei1qrwlkdnr8wms8a55h7j83uq2flxdqyq85khhnh,191.95
sei1uvs7lw5xakdvy2lry3d4weg72draye3e500h9d,191.95
sei1v63tkwr3uds5zns9hczvvps4arfq8j3d49650e,191.95
sei1qjnq8pv2l45xezswv7vm8vkdt5ncm50gmldyd2,191.95
sei1j37djgu6hhaarylhff2xa6v0zy8w0fyhxjjer6,191.95
sei14ffpvzlf6p8khfj2mpj97e9h5tl0e3es8gukh4,191.95
sei1260v360vdfu2kez2pfyl70lca3v0u43h7y3u9z,191.95
sei1q4jsuxj5rqrlfpvv3tvpfnc2u8wju2ex269l5x,191.95
sei15sn55hz22l0ev3928qmwrle03n9qpe3zdw4u7d,191.95
sei17pgkye0er063ld2t3ks94f3kc946atm6paccf6,191.95
sei1jgu2w749l4tah0fmep8y257a497707g7pjxqqj,191.95
sei1qpg27f83qgn4nzkttrpv6a3tusd33ga3shwtpj,191.95
sei1h7sgtaufmvgpm3pdmner79cpsfvl3j83c849gz,191.95
sei1hy5nczens6zup8eya0dafrr2tzhg6dyfuy6jv6,191.95
sei1wza4a977y4s2ue8xcvdt6qvkxusr8fapewr7xu,191.95
sei1anfgutchuxrrtw5uxwynvqmfx72u6v59aa4xqm,191.95
sei1yyunjw7dl88wk7rvfryxs54c3vgx5pccx9dyx9,191.95
sei1mcnl92g50yr0wv73zx54dn38wnzhc6tf78hsdc,191.95
sei1utn3fhjmexjjkp6v3v083d46zhngmen4pyf3dt,191.95
sei12q6tplwq664y2tqykp8decxpsx0t25wk4mmhrq,191.95
sei1u6dfrjuh3z7s8tejay9wheve9275awm9fk3mrv,191.95
sei17rc0ntt7uc06epaa40y74wjmu3e4fw2rhl7a7s,191.95
sei1rcht4c7sl2pzn99sqayesrzgmv6spcepf9p2aj,191.95
sei1uy8674qg6udgxhksa2w92yvggq5t8t3x8238f0,191.95
sei10af6dj7eqvjnxx720tq2dn97ljlzy5aqq0ukjm,191.95
sei1tamnrqxdw9sgh7dvn2vdp53vfmwvcj0yqku9a9,191.95
sei12gwvqymsx79wrpk3gjt3v46079xclm0qzewvm9,191.95
sei1h9ecpzs5ha25yan3z9jd288z2xvhxasahkp7r4,191.95
sei1sc83vvzk522c6nmcjm4e8cug328ytwfcxv0qt5,191.95
sei1l5cks48hy39dw44f9tm6w3trvy8yc47h6awzre,191.95
sei1t68xf3j0kcuc34gs3lhcvdsny88usf3r78nhrg,191.95
sei1s86fqrm7lkac3f9avjcnfdl4mkywcyh4h79vzk,190.65
sei1zpp8cgk8yc39mgl0e7yaphc2e078y24yzcynut,190.65
sei1fz9mj8ekfg9r06q82h3azp5sd5fxkp555sq2xq,190.65
sei19ny7g7a8els6pdx3wwpqwls3dl30lhp426r0tv,190.65
sei192x0jrvnd0vzuvr3p4fuxsv6549yyffnc4lw38,190.65
sei1t28mec3xfns42ufwzh3sprpuqpr4zavfvn5sy4,190.65
sei1zycd8uf3j3hs4nau6saayflw0dmxdhmljx6eej,190.65
sei1q5ztdhcy24qjep34ccrueuksvlx3fh8q8uucp7,189.89
sei1a7rx6x0zx68nrh07tdgn2vysaltlpqn7e2du3d,189.35
sei1fxkms0mrl8p6gxtfyc8a7djqgpk4ueltf5ly9s,189.35
sei1khn6vxl8np2h6ytllftrvmxhmpug5p629cllc9,186.75
sei1842y4x3cjvhth8lvnqr7qll9cnuj27lewx8lhl,186.75
sei1d6ey4xz3kgxnmsu539snv7ll8579n9769qru3f,186.75
sei1m32al5gdphnwzqzycqy85lugpzddrtmzd38rh0,186.75
sei1g5jyc4l65nu2j7uv30p849znxnsjj9z0u0qce3,186.75
sei1d8utdnzrjrff7p63a72rx9ttx27w7h7kvsae29,186.75
sei1vhmymm7nat7sf3hr6da2kth5c5gwn7rueu8zdh,185.45
sei1spdzgqxzr3j0ka95wu9t4sw2rsqrkj9wu64exz,185.45
sei1kgsmw9u6y478mwcyp33qg2qqvfxmx0r2xdnlns,183.6
sei106np8hrd655mw6uryzkztqwq8mm2nhstapchm4,181.55
sei1mz4d9xhm37lvuv49rv9stqluvpgqjax40xuzs6,181.55
sei14wgfmh375slzsllq4u0lkxlkatrh48keuzdaga,181.55
sei1mlj3hetetv4ya0km5272hha2d8ckn72kdvastk,181.55
sei1sha8vuzrm2md67ap3dlmmzgfqxs7p4w860ygkr,180.25
sei1kn4avz9dtem3c26cq6v8p4ntexdcmenvshpchn,180.25
sei1gwms9rrnrv3pl6wcxf7uawfv4aujjtwez4705v,180.25
sei14svajmcgf96r6m570a7ng4p2gthsz5slgzt02k,180.25
sei1kx5edap08e2vet0me040d3f7fa6s4ka2n84a7v,180.25
sei1m9ly07dvnf8lttf00cflp08vhvpvppyfua5qzq,180.25
sei19rafs0cq5ttfw7hdxn3vyudkyrl00kyz4reer3,180.25
sei156h9fyskgjlfgruqrqa7m602wf37tk7v4ne9ez,180.25
sei1e5f39ldmzlg4rthwgzn6az66937v46tlravpy8,180.25
sei1g5ys35475y0lk9m5txaq9qz9xhdkcgx345vwk0,178.95
sei1neyyjjy4y42u4zmhp2kdq83v9d3ph03wm78h68,178.95
sei1gx2y9599r8vvjrtsh4nylzyxngs0237g2ky8xp,178.95
sei1w9dferzczt2d0gxnus4k0yg4lrksuee3wk2u3s,178.95
sei1vthle2cskrzlav0k9vzsacphnxz02hdpr5uxzw,178.95
sei1unsaljqg25mv3q3zf7z78cxtegsx7p4t86sy7d,177.65
sei1aemf3jjkdquyywymlytekxjxy3nzldx6x3gwvq,177.65
sei1wfdmtnfzjce5ptyccfxc4uty2exctsanpzn8h2,177.65
sei1s8v33q97t3x3ssau9teqx45eja675f7ta5zh0l,177.65
sei10sc32yfrtla98e98qr0q2c0f463x0zfls0pegg,176.35
sei1pv6dyw5qrf9t4c5ks4nh397tdhnv5zkp62llxu,176.35
sei1hzweyld29e2j4uw94w4v0u964zr5lj88kpx6e3,175.05
sei15x43qn8c0njy4apr2tfw3r3lj9l0snm78snwvm,175.05
sei1nqc49u7jf8ap5n072paa5wshws2uquqf3duvr3,175.05
sei1kg82gy466pzjqdlr8xlh7vg26jdf9qvh0mrt6a,175.05
sei19l88n8d9qfrfydl3raf0ygvklkuwpgk27lwttx,175.05
sei1xecp6fpcfnzpkaqyhagcxuhzhl8jfxqtqsy6sl,175.05
sei19qqyk5lwtk3xpfv2ctyu877auw6dgz8nluyujr,175.05
sei1k6dulp0zekla0u7ywwv4vugsfml5sasyjsrkgl,175.05
sei100hjk36h5shdy0ws6skf9mqtzas83t2kshva08,175.05
sei1xsjnlt3s9vlpzf22de5xxmcvhkne7j4ghq2hd6,175.05
sei1237jhdxh2tk530peu9gvn3zkcgagsdfctfkjxn,175.05
sei1nkvsfpfza7w0l88rn7804mrel0vm4vr4985src,175.05
sei1kv6vc26p48rf72ew6cf92a4ll67wmcwsg4xu6a,175.05
sei1yg7cre2ctj42y0t49ldmtvnltpgalc0q59dn4s,175.05
sei19y4cuv0qz08sw9vlxk7h40c2h8jdy56s345qra,175.05
sei1u8v03tax7tve03pc4ka0dzx6xlv2qap3czzs4v,175.05
sei1z04sf4vkw8pwznldyxpa6ysy46ttsmmw5ya7m9,175.05
sei17he8csz0lwepn0nrrpc5drcg4fgva63e3zdv8h,175.05
sei1mz0mzwr76agnhlfadqw99kjym6jkqxrzrr0wvz,175.05
sei1qdeaakqxp9xtve5fvpne349cgnlh9dnccx0kpc,173.75
sei1wzhrqprfpxagkrxz9fspmnrtc0fqusk5g6ynpezcl705sfqs55nqscej0k,173.75
sei1j5uh5ygzwvza2ays9cmhvaxsut4m9zu83zakqj,173.75
sei1092urr9gzuwedaymx7dy38v2qlky3vsxkeg76h,173.75
sei1ham7eahsgwtk6pekgvextp07xvencpw730uk5d,173.75
sei12af6q5uvuttc2dav9d6etq278xpastdmqn22da,173.75
sei10pz45f9ffc9ajkwkrfhsgpsnea630ymx0nv54n,173.75
sei1nyuk8muf9y25gkl9vxs32ytx69xaxnygvzdgff,173.75
sei1umv2v6rvhecj4a2szcesapp4jxxuh36xhvztkn,173.75
sei16276449c55lc59hrt7v7mp9y7yzd0xeuy4sygk,173.75
sei18j0s630udlhz6ejsy86exqp9430ehk8qeg48l0,173.75
sei1xqz5xr53j0upfax557rhcer6hnzs5n9pfe9lcr,173.75
sei1flkq4n96j52lms3aefheg0rx28pmc6s3g3fa0c,172.45
sei1ar5zpzahdds8uzrk5crpzg4qe6ffelwv476wv4,172.45
sei15mzxn6mkhyhr3x8k09tfjx5wwsedzssmre9ucw,172.45
sei15v0p9y36salctacvnm38xd3lk8ty2h6933fw4d,172.45
sei1msjy89h0gujm9gandatvgxccul05xy0exvm7vt,172.45
sei14j9vl09wdcv4ks33mrv9fk0sfa7eeuwcv2r574,172.45
sei1cc0l7ue788qz42983rv49krvuq5969t89tv42c,171.15
sei1wzazygn9ygaruplxey0ww72yr93xrn3fwen8hp,171.15
sei1ereat6v5kvqy8f4r4ewcwwr4hh22rztftf32jc,171.15
sei1adaupf9e63fyff7uajmpg58vv4djwvy7l74suj,171.15
sei1kc7r3zrnsqju83s96sply03af742ukxkk7yrce,171.15
sei1km2hggz4qv38y7qu6pjrek284r230sl4plgk2w,171.15
sei1e54tl7tunsdp3l69sy2443xw8uq9k9wgmsqfns,169.85
sei17qam0kweda4mw9cf2h4zq8z5p3cx4pgg0ddz7v,169.85
sei1el4089lah8rum8xvm5hyz7cj70ekxdmjtcnq66,168.55
sei1sm8ymdlt6qc9exgjlx57nqa35zyl2t9hyf87pe,168.55
sei1untru7yuazu29am7m3p06tcyqu724dh4huv4dj,168.55
sei1drxaq67323smw7fszzgte4pfq8gkgknvmpl0ja,168.55
sei1qv5er9372tylmhtvr2gyd7zz8g8fejqv9787jw,168.55
sei1t7t8zt3vv3kqgthl6jdxwnqjzqhnqwh3y5j2dr,167.25
sei18rkeqcjnp2a39gspw29rhwkchx60u3qcvu22dr,167.25
sei1chnpqe4u8qelgnlg7eusfhqek4p4ua350wtqd0,167.25
sei16ry88ha50nv20v6f2r90wyc6cnf0q0smzewzua,167.25
sei1mx0ulrwpmgfvnpxvny36tvz9lk5qfhxuhy2cxk,165.95
sei1ssrjvmjtdg7z6ljud003e3glje5f05a6s6s3he,164.65
sei1s36u643lj7zndd5uq6h2p3a9ktnaq4mpqnfu8z,164.65
sei1yl7405264v3qlz23lwa3y5q0myfk4hltv9x4f4,163.35
sei1wx32p3rqq9gcw9xwqalt9lcjlcugjdm5hy4dgp,163.35
sei1dtat6v7kvh2ercdwtfcndn27ty8tmj4e6l6hwn,162.05
sei1p7tufq49tuvmjhkse7p3crvvl98umchg7um655,160.75
sei1e0sc4y44fxw6pyrvwj0m3pvqg9el6y7e56cz0v,160.11
sei1c35ycvchfz62jgcwhak863q9crwk5ecr8eyxln,159.45
sei1astgq83s7hg52stahf8g65fldywxz0le9vap4q,159.45
sei16sqvcdly8p7jffgftjc79qcjsmzurnf5tgck7l,159.45
sei1d6qddu3a60uh6r2dh9h5dh9g4tgrrrw08kkttk,159.45
sei12y3fnh0r8hqumvm8fe2kpykmkrtk3lxxsrhw0j,158.15
sei10h55w0kx0mc7qzf3nmx0azas5au9xm3kju6wdk,158.15
sei1gqcsp5u2j3uew074en3jv8ekcn9y0xsst55v78,158.15
sei1xgqtkttpekj2avrzzj3hcjrjcauj4p4044n23w,156.85
sei1nnnj54g086d0vsz95dk8lm0d9grg609vtgu5vj,156.85
sei1jej3cnahgecg9l8gd9z8lw0nc97mrrlmlph79n,156.85
sei10lsjxcl2ul4ckrs87eedu44mjpe05s7y08parl,156.85
sei17zt22tzx2c8c95zjl3uvlaefd6ha8mwd7jdzx9,155.55
sei1r3hwxke2ky6d66rqxc9wra9rp46hatepen3r8q,155.55
sei1ls4v247dj3yxptvy995y5rydv2eh8r4nmww4r0,154.25
sei1t3vjkefmpvp2sa46swltw3vt90m3akrqatl4wm,154.25
sei1f92kx4vxdvzhjckftdha9ew2u34zcd3yfnrg80,154.25
sei18253l2t93p90ts6nc0qs0asagd3e09399r6s0r,154.25
sei1xjwgn5yajemwpj0kwj6d7u89r2jxqkcmkztthe,152.95
sei1vf8xvc3rxheqxg9syfcvs8f7662da5ssust949,151.65
sei1tzeqpc7jss7zw6qsqgd6kjqw9dwn22v5ve87ke,150.35
sei17wy9j4knsn8uu766s5343uvvw63d3duau0szqe,149.05
sei1g2gthe57cc0nwg47uk0edltt9t2h3m0el09nkj,146.45
sei1upalwudx76v936slr89hfn4es63t2d087szqcf,146.45
sei18mj0hw7cnah0yl8wj68put4rku6qf527jcu8a8,146.45
sei13wtmlw3ldp3fgea3ngntd9f54ny48yu9kh804f,145.15
sei1lq4wvc330xm3w7qapah7ss2dl0a0am2zldsxmy,143.85
sei1vmc4ruhdcnkr0usr2jascs0kea94sznh4lnxt5,143.85
sei1l3fs63ta6ny556ktdgs8kgx5rw4n2em2e2v7yl,143.85
sei1hd4xltpnhvqzvz7yn7n5w0rsucm2wwqhdza85r,142.55
sei1wrm8mevp36k9cyer2qxxafjga3za0mqayy0ag5,139.95
sei1xmm5vavnfuqlsllz6xrl47zjupw299dqqpf7vd,139.95
sei10hkgusvv4qv03dusl5lecznp6hf0rcws7p7c0z,138.65
sei17tjgcq696kus0txs4kzvs8ry5cdkdnf6sk443w,137.35
sei1mtf7wrn4ydu3ldl6mf3qq0yn2cxlx57h7f8730,136.05
sei15752d8nekfmje8dtjndz7ka2kv8td76u5pxl5r,136.05
sei1htmjry7cqenmr7cc2zq02aneawzfl4knx8ptn4,136.05
sei1v8w9m40h53j9gpdkqgz8dmy90ya4p6pgcq5l8d,134.75
sei15dnvq6hf6atpvntwy8mkfncyhqcnnd7y790xah,133.78
sei1q4005azecxh2jduen7z626j8k7m48nfeanetzn,133.45
sei1ajpfnr20lyvkufm3gstjhkrdlwcdxk0etnncs7,133.45
sei16ysexvn5jwsnj8fgl977m5fa85prv8r5jd5nhy,133.45
sei1hm80k6nxve2mttlg93r4ttj3f9xcul9gcg3ycc,130.85
sei1y4qq9f7wewfln6splg28n40vrnzet0fudv3tvd,129.55
sei1eju9vqx2p59h0cgt8zmrh388zt8e36fktj3hka,129.55
sei1usf8zy2m0e9r9da26yelllqqupt80na3p052vs,128.25
sei1ws88mxyg09jh02gedavex84swe7tna6uu36l7k,128.25
sei1sfntzr4qx3elp6dp500zats5nve8cgwd4z33j8,127.41
sei1gf3lh5m5ys4m2suwatjljj3q5tfels2n356m8x,126.95
sei1ehy8qq4kh48y0ljv8r6wd3tp8qcqh9xs8dd5g4,126.95
sei19ktdwkfm6866xmdkpxkz8dq2nk903sjul62x6y,124.35
sei1f6xwgs0yalcaum8n2esm8sma3em53ddr0v3las,123.05
sei1zj4z905thua3hfvuzyeyww7dd3dm5mnuydpk76,120.45
sei1fh6d6pdddvjrl5rt9ys5grzrgyy3rj4nyqthk9,120.45
sei1zrhvy4lhlxzu7y9ja6nv5x7r500q6nhm2xtwh8,117.85
sei1frh9acc38axv7l5ulx86fshlzpuufh2xvsf2gy,117.85
sei1h5p5wy3schkjsha9m5pmn5mwnjhgqc200q6hpt,116.55
sei1ypz4nhm2vlezgd8p79gz3czm8ekva4xylfuw5f,116.55
sei1k2746t02fnjkk38z86m0efm0u0wd32w2fq7e4h,116.55
sei14rp7kmtg89umm66slpwc88qglwpm5t6al93ecv,115.25
sei1w0acex2kwyff0qk0yx4crdmcv6ec7ycmnvluz8,106.15
sei12vw3lv5esmlc0kxdw6wgdpy030d77tqjqjxqzf,104.85
sei1q5xa8rceug3sp3jpxhhwcsr649dug24c2khnft,103.55
sei1s3vcmshvc88848uc3qdvpq86w9qnn3qps26n7q,97.05
sei1dfgy54h7m5ytdm3unc5nluadwvxwzpqggdypev,91.85
sei15kqpy6zslrd0a5heerlvjz80cpfvweanpg3d42,89.25
sei1znewa03npxkhzap8mdrjnv5rvyy50ppt5mzz6u,89.25
sei1p38n0ra5rewdqr0jkxj73svmamscx3r35x6q4q,89.25
sei1ysg3xasuugfndkrvza0akheaku68dneayrnp7c,89.25
sei1yqjwa2gt2xua4duw7d453mmqdyyqtaqcekcvyu,81.45
sei1rm6svzjwueyftzwemkv5z9998er9d45egn8vq0,81.45
sei1xpwhl3kq9l4t0kwqsw9vw8u846umyjewh2x58n,76.25
sei1nganxnafltjarmk4jjawp3444ctywujw5h2q5w,73.65
sei16ktmcpkce00qj3hzp0n93j0gnwyjv47seymvn8,72.35
sei1lkkwvpsfv0aesnl2rl8xgpsk0lmwt9yf65hfez,71.05
sei198n3ep8uxu0yqnkqs80je4r95kxktrmuqm6ysu,71.05
sei17wu806k2p4ufw59twnakzwajwmmd20zul579kq,71.05
sei1te2npynxs62aj8zyalclu8yd4wgsr9qdeqzpkw,71.05
sei17vsvly9l25qvgfh543zjs9vef3mm5csypm5d4h,71.05
sei12z0uuhwe8l9uh8ckfps7l69fwspq44x0amv8q3,71.05
sei1g5rlc2nfny35v9xld476746q50aulhq7n8h9lk,69.75
sei1l3079nwmht2tlrr2efrztaxg0k9t5aldm92sc7,68.45
sei16kv7ktk2rjadwgjggsedcw4gtn8z6fmv5cme0e,67.15
sei1xmgutcfpqmd8pglmlr7h2ywwx2qg4w0tuxhg9v,65.85
sei1wv2aynn0y8qag5xzu3rvhs8dz69ajqu8f3mupe,65.85
sei1jmuknxkhdpl7ua0qmh6gx5c7g37n3puj4ez5zp,64.55
sei1eddwun5dwadzn0k58zrzjewh0pfzaqzagyruzx,64.55
sei1r3cfs8n9lj5fmz80f56xzpjgxqlf3j3jyjgc7q,64.55
sei185yv4ka7ymn3f6meq7k3g42nxrgfeykj0vmlgg,63.25
sei1j2xu5lw6kd45xm7fr6u62nnxpfddp4j4kcan9g,63.25
sei1fsfnkjz7dzj68pj9l3vvtnrr93tru3t0wqtmw4,54.15
sei1sup7vyxux5av97g45072qrdtz7remqg8wrx3ss,52.85
sei1lgw0az8uq77ah99qgk6aqw98sx6zuqum3v5wrr,52.66
sei143zw70rxgqs6tcp7pyp09xzgqargzy4a7eycht,50.25
sei1fl3kkm245z5vgvk57p3nlqgycz2d5c3y58axan,50.25
sei176fmtxzntuh5qsx9mvmjfme2jln7xal4jjt65g,50.25
sei1ny8ur5f24vygyc3pzuavjy3c0zms50uv66dhl6,48.95
sei1hvmq4vmpwswa0uzuqh7f8qagdtw6kfxdkg49g8,47.65
sei1ja0zppr2ddg6t55xwnkxz7y4s3ha73u2kfkfhc,47.65
sei140ptrvy5gvpgeachk6gfedgggt30cjpdv9a63s,46.35
sei12dqzxnynsp8q25f243zurmqq65e9gyjhvy35n4,46.35
sei1kcxqkh2akmqee3prv6vz0v6n7ahg0fz7jjjap3,45.05
sei1j9hmqldhszxfgdedwjx0gaza9y22hf3e50ype6,43.75
sei1a2zng8mww75f0qw8jy6hw3lar65l7fx5cf7hxr,41.73
sei1y0gaap9e79072lgw57lq0l0h5qgnj3xatxeks2,39.85
sei1fjzxu67rqlrsawvv92pha3erdpjfusq69flvg9,38.55
sei13er3dyaq6pyufu47rxh62sjwp2wljed4gea4m9,38.55
sei1v58t7jx2wwk67jfdt7jvw8sem7zujdhnatyqkz,36.4
sei1s82zp9ymvclv9rt0kfxgvmfx546j74jsfzg2vx,35.95
sei1fgk50cmmlpyfgaew4wfy2awtmurru20lq2ddzx,35.95
sei1jgt2xp0kna42quk03nka35t4jw4cdhd5v4w749,34.72
sei1d9c0zv4xdaag70nlck8h46ywafnd0rn0yejtcw,33.35
sei1pmj4rhnrhfkmjsa5ehnhnrzqtflyefv77ysa9k,30.78
sei1v9nrcrjgppl6046v38qhcf9088kwrg2vu5cv4x,30.78
sei10plg89kqk694g0mqvf9rqrgg44r2w75ysksyxy,29.51
sei1adjvjrv0lrf4atq2n772gpp8jn4e8gzp6tlga9,29.51
sei18q0lfsvmj39d0xnmst0a9hfqp6y4gd58uhtv5f,27.83
sei1alvt2l8lr9q20qzv9gx8dufh24da8nl495kym7,27
sei1730rl4hd7hc8j2x94czj4p4agq54fp72p3rw7n,27
sei1q4qyhkxlvcxfylsqrl6rcs9mq0keahgjl63fhe,27
sei1vyhcdqmy2wch90669rm70g4ayfj3y6x3xgpjwp,27
sei134xypa7ne06tyefzttjmr04sf36zqqvn53h5q5,27
sei1tj592sm948sp3fgv7yuskquyhff2jmm2pu90yt,23.57
sei1knn3kqacfr8e2fly57s3j3vefl95j4m6t9pu3j,23.31
sei19d5ltm6h450k6ph4ldfpu34sphcm9etvknt72w,22.59
sei1hhdjskyf3kcf7jvm2jak7qtmadjw69cepzvhvv,22.1
sei1vrqx7zefgc50lu8slsh664vumdsa9qz6qr9tts,22.1
sei1trlr34sy4r5qrnp39fwd85km20s6k0n4jfa8wm,22.1
sei1punmlh3hdp36upkrz6u3rqtkj0cd84cu0gfg6x,22.1
sei1yde2y0rs84kneghjqr2g06cf4ps32f649ylruu,22.1
sei1tg5urgvf0xjrxsx60cnda8lpymxpuh09qjvf4z,20.9
sei15jq9ad0436kmxyr5yrdyq8lla7e4dn88l476de,20.9
sei1jrmscltmqxxaxgrvgd2pd82tuendzgek094nv2,20.9
sei13ew3q95neykzjrmrch9vdw2r6gj7wfcq3n2v9y,20.9
sei148cpv0hqx96n9sa2czv7xnjrfc8zpu48ynq9n7,20.9
sei1r79ptmslcukj45lcyx67qushnelklft9gxpkrg,20.9
sei1frqct7wjcuyulaq9xmpdehfv7fhy6wa6vw35f7,20.9
sei1c8mxzhqjvpwtnkz054h2dycez6c4ln6mrxpfpw,19.75
sei1qjunxyw4gxuyhvdw8cdd7x5tmc0098twv4qsta,19.71
sei1t35tt4uad2sf5mx5c6dwdau9henfjfqeyjm8np,18.94
sei14k6pfhsqnjzfa70rd3ua839c35sk2vsq6mnw2v,18.53
sei17u9aj5fg8waq6v05xw75cnsmfjqylja7zqre3p,18.53
sei1yu45qs876p89g5ftv55vsu03cz2z4c39tcq4z8,18.53
sei12yy88u8ammanxpxjt2c7lupq3cfu2jz0qtmay0,18.53
sei1q4wvk28fx3vuk6w0f7gnrl5v4f2mka85l88rup,18.53
sei1etmjvxveup9d94dg49qw7enaafjgs2tuk44z05,18.53
sei1r7dav6ma6u99pk5nvwdhfv96qkwgzhhfvr7t2l,18.53
sei18d9vnm45eljhhk06dpvvpn3psdez4700jhr9rn,18.53
sei1uhdug6y99lgvz9ymfuughx8x7ykmj8vkkt59gx,18.53
sei1ukfj2sz4zr2tf4m7nkkas6j3gcuh2hjp3frzg9,18.53
sei123g7wc3f7wlq6cym279xhhh2j8n3rlsjfxh749,17.73
sei13dqhfkswhay08w7f2tlgckn6yh0m2hc4gjej28,17.36
sei1qn5zfa58ty52sklw3vfsv62mk3g3sk57xre6p2,17.36
sei1297q5wdvkveppsd6ccztc4r3fhyj7wgx5vd753,17.36
sei1s5x4z664jdmas57skhe5paxh3f6xa2zfm8kvcg,17.36
sei1wkvql420phrq8t38x54mm8p2f9u46wcnkywn0m,16.2
sei1vwtkvd37xewlunma558tr47f3wd94khjtly32d,16.2
sei12tt2pdxzph608hjhgl87dylsuprxpxplthf7wj,16.2
sei1w75yuw9y9wr5wtal3ap0kdfr82zazseh8djamy,16.2
sei1rl96gvv07mun9ate9j02gpt6zq3vdudyddgqcy,15.05
sei1zec4a94fx5zfvgafchaaxuxp2p2m9rpfeqkl6d,15.05
sei190n6tw0k9d902cc2x0l9l6jwutqcfmhvr2jta3,13.91
sei1qpqewfeyhw2m90rrwz2fd58m6mev682ypuf0sr,13.91
sei1plh8asadx2t62qd67n48s9y8l9aanq6r44vxn6,13.91
sei15k20qqevuj4prmygm807vgr0gvc7jms5pfwzhr,13.91
sei1ez0urvtf0zrz753htp2n889lkzuqnwt9zdgas8,13.91
sei1wp30yt6wm96hd5w2hc57guewkm9fsn77m7dayh,13.91
sei149amdywhf2cqrgt20qgmpt6sfvc2vg47dmefd0,13.91
sei1qcthx8s06qrywg73dglxm7detvkyh0wumffe5m,13.91
sei1vutta4u5r9z7yvxw42pcm8z2t0uhdncaastswt,12.78
sei1mpfqp5swr953amun3s8jqnwdsy6qtjs80yghau,12.78
sei1m44jt0wdh697p5gkfe84a2azge4w3k8c3a23lv,12.42
sei1lclqf0ywhpga6drstq60v9zhkyqrtc79c8ynlk,11.66
sei1j5flllk39ua06v47duwt48f79kssj8hprvq78g,11.66
sei1hgvc7pn88uzz6jmaanf78lnrftm9gltr8xnudf,11.66
sei1g3c49mhas9f74pm85lzta0t5s7r07y6d65dgy5,11.66
sei15f8vy7u4kcg53czd50h6pemrauf7qam9ecvhvl,10.55
sei1dy8p00ucnp8cjn4r2tgs4tmzkagk0kjnqqjhfe,10.55
sei1sxqnt5zsxhm6sj679x8tm8qn9z6c2pqrvqz4le,10.55
sei1j02nw6680m0xxa0wptjt0mrs7tn32djv70m3wd,9.45
sei1eucxf2ahp4f480mtrep9v3wgz8a2vsswpjexkx,8.36
sei1643ygv25lsgkxkkvg0x7smx5m2lw42ck5lhjgw,8.36
sei1u7x22m8drgsaq5ttv5c69kmknhenr5q4yeedcg,8.36
sei1spkxlen6gqw8wjvq2erjulsd94wf2ak0y8y2ef,8.36
sei1ctgplcmjshmjpt3r4hedke5nhghgc6q23r94ld,7.28
sei14r5e93q6wvdqk82hruwaken0lgynkgy70a4r04,7.28
sei1wxzhdu347agceavlpw0vexzxsschpsfesjzyg5,7.28
sei15q2tsc8ggv2mnfmk3zle3c70jq36nh230tsr2j,7.28
sei1eldk9ga040gqmct0a7gkw6dh3nzp5d7zvffjdj,6.21
sei1e8ls9qgznqe4qk27c7lcmrmqtuzz89qc4e9450,6.21
sei1q8ucu7xqkgzvrccsc086fanqe02aeg4sra4uef,6.21
sei1e5hdf29mcrycxf9fphmccxju4xr05pf2wmth0u,6.21
sei1cgmts533muyv0kya3dlfhljvkcxm6mvpwudauc,5.15
sei1f8eeer2huaf8ah0mz4wf4yk684dlwmfzdx8g6r,5.15
sei1emwem5043rl5vdd49kk538h6m863pnxxztrhvs,5.15
sei1xa7rt937v6hq75jdjm7palk4jjx6ljmqm3rapd,5.15
sei1qxp3cfdfjc4w0l6rg8wexlpxqqk00srppnul0x,5.15
sei1jam5tp0mt87w72gc60x66h307stuqs0q0hm9dx,5.15
sei12k4mqaf2cu75kqvhsxxedauv98cja0ewnpk7c3,5.15
sei10f3s5g3nt0e5atreupqg6tkqxvm2k0dpqre5gy,5.15
sei1demechugv9dhzfc99nknq2qk8qfuyyx3sz4wnq,5.15
sei1zgpg5qlawadlnv7mzdj9jjcqvemfvgrgnngpra,5.15
sei1y2v3fhcsgwd59wh3w8nd8uudyfcgzrg3d03wk5,5.15
sei10vucs7z9vty8pzzlr6sqavmwvn8trtv8agyx3t,5.15
sei1hcc7g35m7hc8eh40wyr4rsxzj0r2nl06hnkd73,5.15
sei1g9t96u7f3ap5kzq328f875z70qh829upe24q0l,5.15
sei1r6ph3prnc8ugu2rpajg9f0s2txfjxx34446pxl,5.15
sei13lzlafssgxclqfzgrdy8r0ap5urck0xaq36rem,5.15
sei182js8l7m7cmlw6mphxjgdl25vyqezpj83jwrs7,5.15
sei1w9gy9f9u2h2gu3xc2tljq4fzxyl5l4st5wth5q,5.15
sei1s48meh35638l9387drtjjl83k5xesmg9hwpvq8,5.15
sei1sssl8wd0szju4ajy29ufcg23m5zk0yd3rxg722,5.15
sei1yhx0l2rerxt6e48ykjdlrv74uvz9sqwae7y85m,5.15
sei16vtp9hvy563vytdl5e4u5f7c97rur4kz43xfvu,4.1
sei1mvhhqykh7znxysqnu9ydsk99cls46cj4zyp45r,4.1
sei1m4e9cvkycmmwac6c5smacfgv5f6ywrprasv868,4.1
sei1r4m4522h4hhkz5c658425vpq8pdek49l3xtfn9,4.1
sei10969k6f26x7gq78fua5mqwkup9k0u20sel8my2,4.1
sei1u7wtaehhtm83etntw4tdss8jsn9un047mlpjlj,4.1
sei19sa2ahfqvfve0nwsjuhrraedsez739an6n6g6g,4.1
sei1gf8p3lrjwqh4kgz4zejj9wphrl23alpak2m96l,4.1
sei1aer2fjl8nrwq93ra2gghesuh4alkwufxdmt8wx,4.1
sei1dthc5zwz96433n9slne7uf6muywrnzrxd8kwaq,4.1
sei1hccw987xqa22zqjcf4zhfw9qynczppcfldsge7,4.1
sei18g5t66qzgqa584ujnektrwjts446472lyuxetr,4.1
sei107435rtfqzcug00wq2djvf3hhl5l9u9h6rme6c,3.06
sei16ysxgfzmyuzlczz8dmwr6h0ye4p7qup6wrq8pe,3.06
sei154u93g5jwf5rz630mgpjsy9y3cpjp9sjpfexgd,3.06
sei1s37yyqt2ukwftgc834jq6gf5lugtg5aqwtuprd,3.06
sei1mtam59lp36ddx8t0gafkpvs0r3hgtqg9ahvcvs,2.03
sei18sx5vvyawtpgxyfslnjqlsw2ncwjy3lgdz0usf,2.03
sei1fpjx9gunggmarg7lwp3vq9cmvzf7lcrkjxrfs8,2.03
sei1jjt5mgu97jqyl6ds272rq6lak6jafw9qpku8q3,2.03
sei1vcs7hewwcpy22e0g4mkxh3yu2j2dhnwzg6hagw,2.03
sei1y8v99qh72ure7e2a80gptm7cu7qy365qc5gkqm,2.03
sei1rnt4v7t7s9737tkjzkp0zafvll5ygg86axrjvn,2.03
sei1uam4kzandteslt806rnqm7x7tupwczqm332mqn,1.01
sei1q8w80r96th3fyxexy8hy429mplhwdy9wl9w3v4,1.01
sei1306k5u66wnk34vhnlkl5r6p9eqz7rjady7m2hw,1.01
sei1mxmtaz05d92s3fex7hy9wp37r4qty3unne43jf,0
sei1f4tgm0das348jhr04agptmux87ard37qug39v6,0
sei1jtsscx7xgre5tske9hsugftnz5kegyn89tcqpn,0
